rate_date,currency,rate_to_base
2023-01-01,USD,36.6898
2023-01-01,EUR,39.1337
2023-01-01,UAH,1.0
2023-01-02,USD,36.746
2023-01-02,EUR,39.1733
2023-01-02,UAH,1.0
2023-01-03,USD,36.7732
2023-01-03,EUR,39.107
2023-01-03,UAH,1.0
2023-01-04,USD,36.8173
2023-01-04,EUR,39.1737
2023-01-04,UAH,1.0
2023-01-05,USD,36.8811
2023-01-05,EUR,39.1239
2023-01-05,UAH,1.0
2023-01-06,USD,36.8441
2023-01-06,EUR,39.2207
2023-01-06,UAH,1.0
2023-01-07,USD,36.8648
2023-01-07,EUR,39.1754
2023-01-07,UAH,1.0
2023-01-08,USD,36.9012
2023-01-08,EUR,39.1781
2023-01-08,UAH,1.0
2023-01-09,USD,36.885
2023-01-09,EUR,39.1867
2023-01-09,UAH,1.0
2023-01-10,USD,36.8699
2023-01-10,EUR,39.265
2023-01-10,UAH,1.0
2023-01-11,USD,36.9227
2023-01-11,EUR,39.3369
2023-01-11,UAH,1.0
2023-01-12,USD,36.9272
2023-01-12,EUR,39.2964
2023-01-12,UAH,1.0
2023-01-13,USD,36.8856
2023-01-13,EUR,39.2432
2023-01-13,UAH,1.0
2023-01-14,USD,36.8459
2023-01-14,EUR,39.3234
2023-01-14,UAH,1.0
2023-01-15,USD,36.916
2023-01-15,EUR,39.2784
2023-01-15,UAH,1.0
2023-01-16,USD,36.964
2023-01-16,EUR,39.3233
2023-01-16,UAH,1.0
2023-01-17,USD,36.989
2023-01-17,EUR,39.4079
2023-01-17,UAH,1.0
2023-01-18,USD,36.9544
2023-01-18,EUR,39.3833
2023-01-18,UAH,1.0
2023-01-19,USD,36.9995
2023-01-19,EUR,39.4764
2023-01-19,UAH,1.0
2023-01-20,USD,37.004
2023-01-20,EUR,39.5133
2023-01-20,UAH,1.0
2023-01-21,USD,37.0349
2023-01-21,EUR,39.4928
2023-01-21,UAH,1.0
2023-01-22,USD,36.9868
2023-01-22,EUR,39.4995
2023-01-22,UAH,1.0
2023-01-23,USD,36.9841
2023-01-23,EUR,39.4398
2023-01-23,UAH,1.0
2023-01-24,USD,37.0471
2023-01-24,EUR,39.5234
2023-01-24,UAH,1.0
2023-01-25,USD,37.0129
2023-01-25,EUR,39.5667
2023-01-25,UAH,1.0
2023-01-26,USD,37.0653
2023-01-26,EUR,39.5816
2023-01-26,UAH,1.0
2023-01-27,USD,37.0741
2023-01-27,EUR,39.5724
2023-01-27,UAH,1.0
2023-01-28,USD,37.0356
2023-01-28,EUR,39.546
2023-01-28,UAH,1.0
2023-01-29,USD,36.9778
2023-01-29,EUR,39.6023
2023-01-29,UAH,1.0
2023-01-30,USD,37.0363
2023-01-30,EUR,39.5326
2023-01-30,UAH,1.0
2023-01-31,USD,37.0946
2023-01-31,EUR,39.4932
2023-01-31,UAH,1.0
2023-02-01,USD,37.1461
2023-02-01,EUR,39.4988
2023-02-01,UAH,1.0
2023-02-02,USD,37.2203
2023-02-02,EUR,39.5089
2023-02-02,UAH,1.0
2023-02-03,USD,37.2517
2023-02-03,EUR,39.5256
2023-02-03,UAH,1.0
2023-02-04,USD,37.2567
2023-02-04,EUR,39.5898
2023-02-04,UAH,1.0
2023-02-05,USD,37.2627
2023-02-05,EUR,39.5277
2023-02-05,UAH,1.0
2023-02-06,USD,37.3183
2023-02-06,EUR,39.503
2023-02-06,UAH,1.0
2023-02-07,USD,37.3879
2023-02-07,EUR,39.5444
2023-02-07,UAH,1.0
2023-02-08,USD,37.4592
2023-02-08,EUR,39.5681
2023-02-08,UAH,1.0
2023-02-09,USD,37.4535
2023-02-09,EUR,39.5126
2023-02-09,UAH,1.0
2023-02-10,USD,37.5039
2023-02-10,EUR,39.5642
2023-02-10,UAH,1.0
2023-02-11,USD,37.4974
2023-02-11,EUR,39.6403
2023-02-11,UAH,1.0
2023-02-12,USD,37.4725
2023-02-12,EUR,39.5892
2023-02-12,UAH,1.0
2023-02-13,USD,37.4925
2023-02-13,EUR,39.6809
2023-02-13,UAH,1.0
2023-02-14,USD,37.4909
2023-02-14,EUR,39.6145
2023-02-14,UAH,1.0
2023-02-15,USD,37.4613
2023-02-15,EUR,39.574
2023-02-15,UAH,1.0
2023-02-16,USD,37.4084
2023-02-16,EUR,39.564
2023-02-16,UAH,1.0
2023-02-17,USD,37.3645
2023-02-17,EUR,39.5305
2023-02-17,UAH,1.0
2023-02-18,USD,37.4215
2023-02-18,EUR,39.5516
2023-02-18,UAH,1.0
2023-02-19,USD,37.4488
2023-02-19,EUR,39.5774
2023-02-19,UAH,1.0
2023-02-20,USD,37.3993
2023-02-20,EUR,39.5456
2023-02-20,UAH,1.0
2023-02-21,USD,37.4705
2023-02-21,EUR,39.5194
2023-02-21,UAH,1.0
2023-02-22,USD,37.4977
2023-02-22,EUR,39.4526
2023-02-22,UAH,1.0
2023-02-23,USD,37.453
2023-02-23,EUR,39.5454
2023-02-23,UAH,1.0
2023-02-24,USD,37.4259
2023-02-24,EUR,39.5428
2023-02-24,UAH,1.0
2023-02-25,USD,37.514
2023-02-25,EUR,39.5312
2023-02-25,UAH,1.0
2023-02-26,USD,37.5262
2023-02-26,EUR,39.6087
2023-02-26,UAH,1.0
2023-02-27,USD,37.6004
2023-02-27,EUR,39.6397
2023-02-27,UAH,1.0
2023-02-28,USD,37.6264
2023-02-28,EUR,39.6494
2023-02-28,UAH,1.0
2023-03-01,USD,37.5906
2023-03-01,EUR,39.6794
2023-03-01,UAH,1.0
2023-03-02,USD,37.6722
2023-03-02,EUR,39.7344
2023-03-02,UAH,1.0
2023-03-03,USD,37.6559
2023-03-03,EUR,39.8109
2023-03-03,UAH,1.0
2023-03-04,USD,37.7281
2023-03-04,EUR,39.875
2023-03-04,UAH,1.0
2023-03-05,USD,37.78
2023-03-05,EUR,39.9302
2023-03-05,UAH,1.0
2023-03-06,USD,37.7568
2023-03-06,EUR,40.0075
2023-03-06,UAH,1.0
2023-03-07,USD,37.7768
2023-03-07,EUR,40.065
2023-03-07,UAH,1.0
2023-03-08,USD,37.8007
2023-03-08,EUR,40.0761
2023-03-08,UAH,1.0
2023-03-09,USD,37.7889
2023-03-09,EUR,40.0887
2023-03-09,UAH,1.0
2023-03-10,USD,37.7313
2023-03-10,EUR,40.0926
2023-03-10,UAH,1.0
2023-03-11,USD,37.7003
2023-03-11,EUR,40.18
2023-03-11,UAH,1.0
2023-03-12,USD,37.6543
2023-03-12,EUR,40.1926
2023-03-12,UAH,1.0
2023-03-13,USD,37.6493
2023-03-13,EUR,40.2778
2023-03-13,UAH,1.0
2023-03-14,USD,37.685
2023-03-14,EUR,40.2276
2023-03-14,UAH,1.0
2023-03-15,USD,37.7743
2023-03-15,EUR,40.2039
2023-03-15,UAH,1.0
2023-03-16,USD,37.8207
2023-03-16,EUR,40.243
2023-03-16,UAH,1.0
2023-03-17,USD,37.8119
2023-03-17,EUR,40.2114
2023-03-17,UAH,1.0
2023-03-18,USD,37.899
2023-03-18,EUR,40.2407
2023-03-18,UAH,1.0
2023-03-19,USD,37.953
2023-03-19,EUR,40.2408
2023-03-19,UAH,1.0
2023-03-20,USD,37.9148
2023-03-20,EUR,40.2866
2023-03-20,UAH,1.0
2023-03-21,USD,37.8677
2023-03-21,EUR,40.3034
2023-03-21,UAH,1.0
2023-03-22,USD,37.9072
2023-03-22,EUR,40.2922
2023-03-22,UAH,1.0
2023-03-23,USD,37.8996
2023-03-23,EUR,40.3293
2023-03-23,UAH,1.0
2023-03-24,USD,37.9423
2023-03-24,EUR,40.2696
2023-03-24,UAH,1.0
2023-03-25,USD,37.8914
2023-03-25,EUR,40.3106
2023-03-25,UAH,1.0
2023-03-26,USD,37.9691
2023-03-26,EUR,40.3937
2023-03-26,UAH,1.0
2023-03-27,USD,38.0069
2023-03-27,EUR,40.3487
2023-03-27,UAH,1.0
2023-03-28,USD,38.0436
2023-03-28,EUR,40.3451
2023-03-28,UAH,1.0
2023-03-29,USD,38.0266
2023-03-29,EUR,40.2879
2023-03-29,UAH,1.0
2023-03-30,USD,38.0828
2023-03-30,EUR,40.306
2023-03-30,UAH,1.0
2023-03-31,USD,38.0878
2023-03-31,EUR,40.3138
2023-03-31,UAH,1.0
2023-04-01,USD,38.1672
2023-04-01,EUR,40.2864
2023-04-01,UAH,1.0
2023-04-02,USD,38.1633
2023-04-02,EUR,40.2477
2023-04-02,UAH,1.0
2023-04-03,USD,38.1863
2023-04-03,EUR,40.2728
2023-04-03,UAH,1.0
2023-04-04,USD,38.2007
2023-04-04,EUR,40.2545
2023-04-04,UAH,1.0
2023-04-05,USD,38.1926
2023-04-05,EUR,40.3057
2023-04-05,UAH,1.0
2023-04-06,USD,38.2583
2023-04-06,EUR,40.2625
2023-04-06,UAH,1.0
2023-04-07,USD,38.2727
2023-04-07,EUR,40.2804
2023-04-07,UAH,1.0
2023-04-08,USD,38.3031
2023-04-08,EUR,40.3305
2023-04-08,UAH,1.0
2023-04-09,USD,38.2513
2023-04-09,EUR,40.3823
2023-04-09,UAH,1.0
2023-04-10,USD,38.3401
2023-04-10,EUR,40.3483
2023-04-10,UAH,1.0
2023-04-11,USD,38.3391
2023-04-11,EUR,40.3311
2023-04-11,UAH,1.0
2023-04-12,USD,38.3744
2023-04-12,EUR,40.2911
2023-04-12,UAH,1.0
2023-04-13,USD,38.322
2023-04-13,EUR,40.3116
2023-04-13,UAH,1.0
2023-04-14,USD,38.3073
2023-04-14,EUR,40.2452
2023-04-14,UAH,1.0
2023-04-15,USD,38.3222
2023-04-15,EUR,40.291
2023-04-15,UAH,1.0
2023-04-16,USD,38.2965
2023-04-16,EUR,40.3496
2023-04-16,UAH,1.0
2023-04-17,USD,38.2795
2023-04-17,EUR,40.3535
2023-04-17,UAH,1.0
2023-04-18,USD,38.3274
2023-04-18,EUR,40.356
2023-04-18,UAH,1.0
2023-04-19,USD,38.3285
2023-04-19,EUR,40.2916
2023-04-19,UAH,1.0
2023-04-20,USD,38.4029
2023-04-20,EUR,40.2858
2023-04-20,UAH,1.0
2023-04-21,USD,38.4647
2023-04-21,EUR,40.2263
2023-04-21,UAH,1.0
2023-04-22,USD,38.4943
2023-04-22,EUR,40.2727
2023-04-22,UAH,1.0
2023-04-23,USD,38.5709
2023-04-23,EUR,40.3045
2023-04-23,UAH,1.0
2023-04-24,USD,38.5426
2023-04-24,EUR,40.3858
2023-04-24,UAH,1.0
2023-04-25,USD,38.6247
2023-04-25,EUR,40.3718
2023-04-25,UAH,1.0
2023-04-26,USD,38.6369
2023-04-26,EUR,40.4337
2023-04-26,UAH,1.0
2023-04-27,USD,38.6803
2023-04-27,EUR,40.5087
2023-04-27,UAH,1.0
2023-04-28,USD,38.6362
2023-04-28,EUR,40.4628
2023-04-28,UAH,1.0
2023-04-29,USD,38.7185
2023-04-29,EUR,40.5259
2023-04-29,UAH,1.0
2023-04-30,USD,38.6911
2023-04-30,EUR,40.5191
2023-04-30,UAH,1.0
2023-05-01,USD,38.6874
2023-05-01,EUR,40.4594
2023-05-01,UAH,1.0
2023-05-02,USD,38.7372
2023-05-02,EUR,40.473
2023-05-02,UAH,1.0
2023-05-03,USD,38.7351
2023-05-03,EUR,40.4537
2023-05-03,UAH,1.0
2023-05-04,USD,38.7168
2023-05-04,EUR,40.455
2023-05-04,UAH,1.0
2023-05-05,USD,38.6688
2023-05-05,EUR,40.4057
2023-05-05,UAH,1.0
2023-05-06,USD,38.6832
2023-05-06,EUR,40.4425
2023-05-06,UAH,1.0
2023-05-07,USD,38.626
2023-05-07,EUR,40.5352
2023-05-07,UAH,1.0
2023-05-08,USD,38.5669
2023-05-08,EUR,40.5479
2023-05-08,UAH,1.0
2023-05-09,USD,38.5295
2023-05-09,EUR,40.5937
2023-05-09,UAH,1.0
2023-05-10,USD,38.5356
2023-05-10,EUR,40.6931
2023-05-10,UAH,1.0
2023-05-11,USD,38.6189
2023-05-11,EUR,40.7517
2023-05-11,UAH,1.0
2023-05-12,USD,38.5709
2023-05-12,EUR,40.7325
2023-05-12,UAH,1.0
2023-05-13,USD,38.6391
2023-05-13,EUR,40.7606
2023-05-13,UAH,1.0
2023-05-14,USD,38.6971
2023-05-14,EUR,40.6939
2023-05-14,UAH,1.0
2023-05-15,USD,38.7568
2023-05-15,EUR,40.6719
2023-05-15,UAH,1.0
2023-05-16,USD,38.8213
2023-05-16,EUR,40.7448
2023-05-16,UAH,1.0
2023-05-17,USD,38.8231
2023-05-17,EUR,40.7123
2023-05-17,UAH,1.0
2023-05-18,USD,38.8191
2023-05-18,EUR,40.801
2023-05-18,UAH,1.0
2023-05-19,USD,38.7804
2023-05-19,EUR,40.7755
2023-05-19,UAH,1.0
2023-05-20,USD,38.7339
2023-05-20,EUR,40.7323
2023-05-20,UAH,1.0
2023-05-21,USD,38.803
2023-05-21,EUR,40.6781
2023-05-21,UAH,1.0
2023-05-22,USD,38.7596
2023-05-22,EUR,40.6227
2023-05-22,UAH,1.0
2023-05-23,USD,38.8151
2023-05-23,EUR,40.7198
2023-05-23,UAH,1.0
2023-05-24,USD,38.8631
2023-05-24,EUR,40.6953
2023-05-24,UAH,1.0
2023-05-25,USD,38.8309
2023-05-25,EUR,40.7793
2023-05-25,UAH,1.0
2023-05-26,USD,38.8344
2023-05-26,EUR,40.8626
2023-05-26,UAH,1.0
2023-05-27,USD,38.8241
2023-05-27,EUR,40.9519
2023-05-27,UAH,1.0
2023-05-28,USD,38.8975
2023-05-28,EUR,41.0158
2023-05-28,UAH,1.0
2023-05-29,USD,38.95
2023-05-29,EUR,41.0288
2023-05-29,UAH,1.0
2023-05-30,USD,38.8951
2023-05-30,EUR,41.0287
2023-05-30,UAH,1.0
2023-05-31,USD,38.9661
2023-05-31,EUR,41.0919
2023-05-31,UAH,1.0
2023-06-01,USD,38.94
2023-06-01,EUR,41.1622
2023-06-01,UAH,1.0
2023-06-02,USD,38.9529
2023-06-02,EUR,41.2426
2023-06-02,UAH,1.0
2023-06-03,USD,39.0122
2023-06-03,EUR,41.3094
2023-06-03,UAH,1.0
2023-06-04,USD,39.0673
2023-06-04,EUR,41.2558
2023-06-04,UAH,1.0
2023-06-05,USD,39.112
2023-06-05,EUR,41.3035
2023-06-05,UAH,1.0
2023-06-06,USD,39.072
2023-06-06,EUR,41.2662
2023-06-06,UAH,1.0
2023-06-07,USD,39.0684
2023-06-07,EUR,41.2547
2023-06-07,UAH,1.0
2023-06-08,USD,39.1556
2023-06-08,EUR,41.2556
2023-06-08,UAH,1.0
2023-06-09,USD,39.1194
2023-06-09,EUR,41.3039
2023-06-09,UAH,1.0
2023-06-10,USD,39.0935
2023-06-10,EUR,41.3566
2023-06-10,UAH,1.0
2023-06-11,USD,39.1225
2023-06-11,EUR,41.2983
2023-06-11,UAH,1.0
2023-06-12,USD,39.1773
2023-06-12,EUR,41.311
2023-06-12,UAH,1.0
2023-06-13,USD,39.2189
2023-06-13,EUR,41.2768
2023-06-13,UAH,1.0
2023-06-14,USD,39.1963
2023-06-14,EUR,41.3417
2023-06-14,UAH,1.0
2023-06-15,USD,39.207
2023-06-15,EUR,41.2945
2023-06-15,UAH,1.0
2023-06-16,USD,39.2884
2023-06-16,EUR,41.3823
2023-06-16,UAH,1.0
2023-06-17,USD,39.2471
2023-06-17,EUR,41.4202
2023-06-17,UAH,1.0
2023-06-18,USD,39.2279
2023-06-18,EUR,41.505
2023-06-18,UAH,1.0
2023-06-19,USD,39.1698
2023-06-19,EUR,41.5261
2023-06-19,UAH,1.0
2023-06-20,USD,39.1451
2023-06-20,EUR,41.5011
2023-06-20,UAH,1.0
2023-06-21,USD,39.1817
2023-06-21,EUR,41.4919
2023-06-21,UAH,1.0
2023-06-22,USD,39.2097
2023-06-22,EUR,41.5129
2023-06-22,UAH,1.0
2023-06-23,USD,39.1926
2023-06-23,EUR,41.5362
2023-06-23,UAH,1.0
2023-06-24,USD,39.1475
2023-06-24,EUR,41.5796
2023-06-24,UAH,1.0
2023-06-25,USD,39.1936
2023-06-25,EUR,41.6757
2023-06-25,UAH,1.0
2023-06-26,USD,39.1439
2023-06-26,EUR,41.722
2023-06-26,UAH,1.0
2023-06-27,USD,39.1142
2023-06-27,EUR,41.7116
2023-06-27,UAH,1.0
2023-06-28,USD,39.0898
2023-06-28,EUR,41.7233
2023-06-28,UAH,1.0
2023-06-29,USD,39.035
2023-06-29,EUR,41.7274
2023-06-29,UAH,1.0
2023-06-30,USD,38.9848
2023-06-30,EUR,41.6702
2023-06-30,UAH,1.0
2023-07-01,USD,39.0045
2023-07-01,EUR,41.7351
2023-07-01,UAH,1.0
2023-07-02,USD,39.0161
2023-07-02,EUR,41.6999
2023-07-02,UAH,1.0
2023-07-03,USD,39.0475
2023-07-03,EUR,41.7723
2023-07-03,UAH,1.0
2023-07-04,USD,39.0482
2023-07-04,EUR,41.8073
2023-07-04,UAH,1.0
2023-07-05,USD,38.9901
2023-07-05,EUR,41.8355
2023-07-05,UAH,1.0
2023-07-06,USD,39.0241
2023-07-06,EUR,41.9139
2023-07-06,UAH,1.0
2023-07-07,USD,39.0578
2023-07-07,EUR,41.8458
2023-07-07,UAH,1.0
2023-07-08,USD,39.0055
2023-07-08,EUR,41.9299
2023-07-08,UAH,1.0
2023-07-09,USD,39.0512
2023-07-09,EUR,41.871
2023-07-09,UAH,1.0
2023-07-10,USD,39.0186
2023-07-10,EUR,41.9462
2023-07-10,UAH,1.0
2023-07-11,USD,39.0891
2023-07-11,EUR,41.9447
2023-07-11,UAH,1.0
2023-07-12,USD,39.0549
2023-07-12,EUR,41.9463
2023-07-12,UAH,1.0
2023-07-13,USD,39.109
2023-07-13,EUR,42.0288
2023-07-13,UAH,1.0
2023-07-14,USD,39.1574
2023-07-14,EUR,42.1257
2023-07-14,UAH,1.0
2023-07-15,USD,39.245
2023-07-15,EUR,42.1104
2023-07-15,UAH,1.0
2023-07-16,USD,39.3091
2023-07-16,EUR,42.1595
2023-07-16,UAH,1.0
2023-07-17,USD,39.372
2023-07-17,EUR,42.1398
2023-07-17,UAH,1.0
2023-07-18,USD,39.3832
2023-07-18,EUR,42.2349
2023-07-18,UAH,1.0
2023-07-19,USD,39.3437
2023-07-19,EUR,42.2344
2023-07-19,UAH,1.0
2023-07-20,USD,39.3639
2023-07-20,EUR,42.3009
2023-07-20,UAH,1.0
2023-07-21,USD,39.3733
2023-07-21,EUR,42.3711
2023-07-21,UAH,1.0
2023-07-22,USD,39.4181
2023-07-22,EUR,42.403
2023-07-22,UAH,1.0
2023-07-23,USD,39.4064
2023-07-23,EUR,42.4591
2023-07-23,UAH,1.0
2023-07-24,USD,39.4821
2023-07-24,EUR,42.4057
2023-07-24,UAH,1.0
2023-07-25,USD,39.4291
2023-07-25,EUR,42.4719
2023-07-25,UAH,1.0
2023-07-26,USD,39.4972
2023-07-26,EUR,42.5068
2023-07-26,UAH,1.0
2023-07-27,USD,39.5727
2023-07-27,EUR,42.5743
2023-07-27,UAH,1.0
2023-07-28,USD,39.5547
2023-07-28,EUR,42.5769
2023-07-28,UAH,1.0
2023-07-29,USD,39.522
2023-07-29,EUR,42.649
2023-07-29,UAH,1.0
2023-07-30,USD,39.4691
2023-07-30,EUR,42.6653
2023-07-30,UAH,1.0
2023-07-31,USD,39.4616
2023-07-31,EUR,42.6643
2023-07-31,UAH,1.0
2023-08-01,USD,39.4283
2023-08-01,EUR,42.6965
2023-08-01,UAH,1.0
2023-08-02,USD,39.4438
2023-08-02,EUR,42.7932
2023-08-02,UAH,1.0
2023-08-03,USD,39.406
2023-08-03,EUR,42.8613
2023-08-03,UAH,1.0
2023-08-04,USD,39.351
2023-08-04,EUR,42.7979
2023-08-04,UAH,1.0
2023-08-05,USD,39.3513
2023-08-05,EUR,42.7528
2023-08-05,UAH,1.0
2023-08-06,USD,39.3623
2023-08-06,EUR,42.6895
2023-08-06,UAH,1.0
2023-08-07,USD,39.3032
2023-08-07,EUR,42.6555
2023-08-07,UAH,1.0
2023-08-08,USD,39.2788
2023-08-08,EUR,42.6068
2023-08-08,UAH,1.0
2023-08-09,USD,39.3344
2023-08-09,EUR,42.6828
2023-08-09,UAH,1.0
2023-08-10,USD,39.3913
2023-08-10,EUR,42.7694
2023-08-10,UAH,1.0
2023-08-11,USD,39.3349
2023-08-11,EUR,42.8212
2023-08-11,UAH,1.0
2023-08-12,USD,39.3576
2023-08-12,EUR,42.7846
2023-08-12,UAH,1.0
2023-08-13,USD,39.4151
2023-08-13,EUR,42.7637
2023-08-13,UAH,1.0
2023-08-14,USD,39.4626
2023-08-14,EUR,42.8485
2023-08-14,UAH,1.0
2023-08-15,USD,39.4924
2023-08-15,EUR,42.7951
2023-08-15,UAH,1.0
2023-08-16,USD,39.526
2023-08-16,EUR,42.8608
2023-08-16,UAH,1.0
2023-08-17,USD,39.5199
2023-08-17,EUR,42.8405
2023-08-17,UAH,1.0
2023-08-18,USD,39.6012
2023-08-18,EUR,42.8189
2023-08-18,UAH,1.0
2023-08-19,USD,39.6298
2023-08-19,EUR,42.7575
2023-08-19,UAH,1.0
2023-08-20,USD,39.5843
2023-08-20,EUR,42.7486
2023-08-20,UAH,1.0
2023-08-21,USD,39.5687
2023-08-21,EUR,42.8198
2023-08-21,UAH,1.0
2023-08-22,USD,39.5401
2023-08-22,EUR,42.8775
2023-08-22,UAH,1.0
2023-08-23,USD,39.593
2023-08-23,EUR,42.9574
2023-08-23,UAH,1.0
2023-08-24,USD,39.6131
2023-08-24,EUR,42.9168
2023-08-24,UAH,1.0
2023-08-25,USD,39.6577
2023-08-25,EUR,43.0009
2023-08-25,UAH,1.0
2023-08-26,USD,39.7417
2023-08-26,EUR,42.9718
2023-08-26,UAH,1.0
2023-08-27,USD,39.7282
2023-08-27,EUR,43.0396
2023-08-27,UAH,1.0
2023-08-28,USD,39.7682
2023-08-28,EUR,42.9735
2023-08-28,UAH,1.0
2023-08-29,USD,39.7225
2023-08-29,EUR,42.9945
2023-08-29,UAH,1.0
2023-08-30,USD,39.7915
2023-08-30,EUR,42.9717
2023-08-30,UAH,1.0
2023-08-31,USD,39.8572
2023-08-31,EUR,42.9132
2023-08-31,UAH,1.0
2023-09-01,USD,39.9085
2023-09-01,EUR,42.9771
2023-09-01,UAH,1.0
2023-09-02,USD,39.8695
2023-09-02,EUR,43.0197
2023-09-02,UAH,1.0
2023-09-03,USD,39.8743
2023-09-03,EUR,43.0415
2023-09-03,UAH,1.0
2023-09-04,USD,39.9149
2023-09-04,EUR,43.0485
2023-09-04,UAH,1.0
2023-09-05,USD,39.9658
2023-09-05,EUR,43.0726
2023-09-05,UAH,1.0
2023-09-06,USD,40.0292
2023-09-06,EUR,43.0279
2023-09-06,UAH,1.0
2023-09-07,USD,40.0392
2023-09-07,EUR,43.0253
2023-09-07,UAH,1.0
2023-09-08,USD,39.9916
2023-09-08,EUR,42.9762
2023-09-08,UAH,1.0
2023-09-09,USD,39.9487
2023-09-09,EUR,43.0354
2023-09-09,UAH,1.0
2023-09-10,USD,39.955
2023-09-10,EUR,43.0325
2023-09-10,UAH,1.0
2023-09-11,USD,40.0409
2023-09-11,EUR,43.0381
2023-09-11,UAH,1.0
2023-09-12,USD,40.0605
2023-09-12,EUR,43.0086
2023-09-12,UAH,1.0
2023-09-13,USD,40.01
2023-09-13,EUR,43.0951
2023-09-13,UAH,1.0
2023-09-14,USD,39.9664
2023-09-14,EUR,43.0702
2023-09-14,UAH,1.0
2023-09-15,USD,39.9455
2023-09-15,EUR,43.1244
2023-09-15,UAH,1.0
2023-09-16,USD,39.9631
2023-09-16,EUR,43.1708
2023-09-16,UAH,1.0
2023-09-17,USD,39.9846
2023-09-17,EUR,43.1658
2023-09-17,UAH,1.0
2023-09-18,USD,39.965
2023-09-18,EUR,43.1727
2023-09-18,UAH,1.0
2023-09-19,USD,39.9652
2023-09-19,EUR,43.254
2023-09-19,UAH,1.0
2023-09-20,USD,40.0226
2023-09-20,EUR,43.3102
2023-09-20,UAH,1.0
2023-09-21,USD,39.9704
2023-09-21,EUR,43.3368
2023-09-21,UAH,1.0
2023-09-22,USD,39.9122
2023-09-22,EUR,43.3301
2023-09-22,UAH,1.0
2023-09-23,USD,39.9932
2023-09-23,EUR,43.2791
2023-09-23,UAH,1.0
2023-09-24,USD,40.0261
2023-09-24,EUR,43.3212
2023-09-24,UAH,1.0
2023-09-25,USD,40.0871
2023-09-25,EUR,43.3576
2023-09-25,UAH,1.0
2023-09-26,USD,40.1448
2023-09-26,EUR,43.2999
2023-09-26,UAH,1.0
2023-09-27,USD,40.1406
2023-09-27,EUR,43.2301
2023-09-27,UAH,1.0
2023-09-28,USD,40.1673
2023-09-28,EUR,43.3236
2023-09-28,UAH,1.0
2023-09-29,USD,40.2262
2023-09-29,EUR,43.3105
2023-09-29,UAH,1.0
2023-09-30,USD,40.2272
2023-09-30,EUR,43.3174
2023-09-30,UAH,1.0
2023-10-01,USD,40.1944
2023-10-01,EUR,43.336
2023-10-01,UAH,1.0
2023-10-02,USD,40.1879
2023-10-02,EUR,43.3506
2023-10-02,UAH,1.0
2023-10-03,USD,40.2441
2023-10-03,EUR,43.3208
2023-10-03,UAH,1.0
2023-10-04,USD,40.2531
2023-10-04,EUR,43.3612
2023-10-04,UAH,1.0
2023-10-05,USD,40.3333
2023-10-05,EUR,43.4362
2023-10-05,UAH,1.0
2023-10-06,USD,40.4202
2023-10-06,EUR,43.4141
2023-10-06,UAH,1.0
2023-10-07,USD,40.4528
2023-10-07,EUR,43.4263
2023-10-07,UAH,1.0
2023-10-08,USD,40.5309
2023-10-08,EUR,43.513
2023-10-08,UAH,1.0
2023-10-09,USD,40.5988
2023-10-09,EUR,43.5686
2023-10-09,UAH,1.0
2023-10-10,USD,40.6223
2023-10-10,EUR,43.6511
2023-10-10,UAH,1.0
2023-10-11,USD,40.708
2023-10-11,EUR,43.6448
2023-10-11,UAH,1.0
2023-10-12,USD,40.6973
2023-10-12,EUR,43.7203
2023-10-12,UAH,1.0
2023-10-13,USD,40.6425
2023-10-13,EUR,43.7454
2023-10-13,UAH,1.0
2023-10-14,USD,40.6666
2023-10-14,EUR,43.6869
2023-10-14,UAH,1.0
2023-10-15,USD,40.7163
2023-10-15,EUR,43.7262
2023-10-15,UAH,1.0
2023-10-16,USD,40.7277
2023-10-16,EUR,43.7056
2023-10-16,UAH,1.0
2023-10-17,USD,40.7965
2023-10-17,EUR,43.6575
2023-10-17,UAH,1.0
2023-10-18,USD,40.8153
2023-10-18,EUR,43.6742
2023-10-18,UAH,1.0
2023-10-19,USD,40.7883
2023-10-19,EUR,43.7233
2023-10-19,UAH,1.0
2023-10-20,USD,40.8499
2023-10-20,EUR,43.6793
2023-10-20,UAH,1.0
2023-10-21,USD,40.827
2023-10-21,EUR,43.6293
2023-10-21,UAH,1.0
2023-10-22,USD,40.8711
2023-10-22,EUR,43.7249
2023-10-22,UAH,1.0
2023-10-23,USD,40.828
2023-10-23,EUR,43.7106
2023-10-23,UAH,1.0
2023-10-24,USD,40.8331
2023-10-24,EUR,43.7015
2023-10-24,UAH,1.0
2023-10-25,USD,40.8138
2023-10-25,EUR,43.7058
2023-10-25,UAH,1.0
2023-10-26,USD,40.8313
2023-10-26,EUR,43.7689
2023-10-26,UAH,1.0
2023-10-27,USD,40.8831
2023-10-27,EUR,43.7089
2023-10-27,UAH,1.0
2023-10-28,USD,40.9209
2023-10-28,EUR,43.6793
2023-10-28,UAH,1.0
2023-10-29,USD,40.9437
2023-10-29,EUR,43.717
2023-10-29,UAH,1.0
2023-10-30,USD,41.0026
2023-10-30,EUR,43.675
2023-10-30,UAH,1.0
2023-10-31,USD,40.998
2023-10-31,EUR,43.7412
2023-10-31,UAH,1.0
2023-11-01,USD,41.0337
2023-11-01,EUR,43.8017
2023-11-01,UAH,1.0
2023-11-02,USD,41.0715
2023-11-02,EUR,43.8587
2023-11-02,UAH,1.0
2023-11-03,USD,41.1083
2023-11-03,EUR,43.9178
2023-11-03,UAH,1.0
2023-11-04,USD,41.1802
2023-11-04,EUR,43.9844
2023-11-04,UAH,1.0
2023-11-05,USD,41.1595
2023-11-05,EUR,44.0571
2023-11-05,UAH,1.0
2023-11-06,USD,41.1126
2023-11-06,EUR,44.1292
2023-11-06,UAH,1.0
2023-11-07,USD,41.1677
2023-11-07,EUR,44.218
2023-11-07,UAH,1.0
2023-11-08,USD,41.1339
2023-11-08,EUR,44.1575
2023-11-08,UAH,1.0
2023-11-09,USD,41.1137
2023-11-09,EUR,44.159
2023-11-09,UAH,1.0
2023-11-10,USD,41.1607
2023-11-10,EUR,44.2434
2023-11-10,UAH,1.0
2023-11-11,USD,41.1618
2023-11-11,EUR,44.2204
2023-11-11,UAH,1.0
2023-11-12,USD,41.1738
2023-11-12,EUR,44.255
2023-11-12,UAH,1.0
2023-11-13,USD,41.2165
2023-11-13,EUR,44.2534
2023-11-13,UAH,1.0
2023-11-14,USD,41.1813
2023-11-14,EUR,44.3042
2023-11-14,UAH,1.0
2023-11-15,USD,41.1404
2023-11-15,EUR,44.3778
2023-11-15,UAH,1.0
2023-11-16,USD,41.1054
2023-11-16,EUR,44.4384
2023-11-16,UAH,1.0
2023-11-17,USD,41.1344
2023-11-17,EUR,44.4144
2023-11-17,UAH,1.0
2023-11-18,USD,41.1926
2023-11-18,EUR,44.412
2023-11-18,UAH,1.0
2023-11-19,USD,41.144
2023-11-19,EUR,44.508
2023-11-19,UAH,1.0
2023-11-20,USD,41.1288
2023-11-20,EUR,44.5682
2023-11-20,UAH,1.0
2023-11-21,USD,41.1526
2023-11-21,EUR,44.5136
2023-11-21,UAH,1.0
2023-11-22,USD,41.1654
2023-11-22,EUR,44.5432
2023-11-22,UAH,1.0
2023-11-23,USD,41.1749
2023-11-23,EUR,44.5996
2023-11-23,UAH,1.0
2023-11-24,USD,41.145
2023-11-24,EUR,44.5833
2023-11-24,UAH,1.0
2023-11-25,USD,41.1687
2023-11-25,EUR,44.5899
2023-11-25,UAH,1.0
2023-11-26,USD,41.1558
2023-11-26,EUR,44.5965
2023-11-26,UAH,1.0
2023-11-27,USD,41.1006
2023-11-27,EUR,44.5966
2023-11-27,UAH,1.0
2023-11-28,USD,41.0995
2023-11-28,EUR,44.5805
2023-11-28,UAH,1.0
2023-11-29,USD,41.0522
2023-11-29,EUR,44.5146
2023-11-29,UAH,1.0
2023-11-30,USD,41.0267
2023-11-30,EUR,44.5347
2023-11-30,UAH,1.0
2023-12-01,USD,40.9704
2023-12-01,EUR,44.5016
2023-12-01,UAH,1.0
2023-12-02,USD,41.026
2023-12-02,EUR,44.4923
2023-12-02,UAH,1.0
2023-12-03,USD,41.093
2023-12-03,EUR,44.4436
2023-12-03,UAH,1.0
2023-12-04,USD,41.0741
2023-12-04,EUR,44.4768
2023-12-04,UAH,1.0
2023-12-05,USD,41.1145
2023-12-05,EUR,44.4082
2023-12-05,UAH,1.0
2023-12-06,USD,41.1888
2023-12-06,EUR,44.4649
2023-12-06,UAH,1.0
2023-12-07,USD,41.2259
2023-12-07,EUR,44.5149
2023-12-07,UAH,1.0
2023-12-08,USD,41.2077
2023-12-08,EUR,44.496
2023-12-08,UAH,1.0
2023-12-09,USD,41.2857
2023-12-09,EUR,44.5616
2023-12-09,UAH,1.0
2023-12-10,USD,41.3167
2023-12-10,EUR,44.6226
2023-12-10,UAH,1.0
2023-12-11,USD,41.2691
2023-12-11,EUR,44.694
2023-12-11,UAH,1.0
2023-12-12,USD,41.2738
2023-12-12,EUR,44.6713
2023-12-12,UAH,1.0
2023-12-13,USD,41.2879
2023-12-13,EUR,44.6625
2023-12-13,UAH,1.0
2023-12-14,USD,41.3112
2023-12-14,EUR,44.743
2023-12-14,UAH,1.0
2023-12-15,USD,41.2667
2023-12-15,EUR,44.7737
2023-12-15,UAH,1.0
2023-12-16,USD,41.3064
2023-12-16,EUR,44.8366
2023-12-16,UAH,1.0
2023-12-17,USD,41.3731
2023-12-17,EUR,44.914
2023-12-17,UAH,1.0
2023-12-18,USD,41.3386
2023-12-18,EUR,44.9535
2023-12-18,UAH,1.0
2023-12-19,USD,41.339
2023-12-19,EUR,44.9335
2023-12-19,UAH,1.0
2023-12-20,USD,41.3066
2023-12-20,EUR,44.9587
2023-12-20,UAH,1.0
2023-12-21,USD,41.2891
2023-12-21,EUR,45.0231
2023-12-21,UAH,1.0
2023-12-22,USD,41.3322
2023-12-22,EUR,44.9936
2023-12-22,UAH,1.0
2023-12-23,USD,41.2831
2023-12-23,EUR,45.0046
2023-12-23,UAH,1.0
2023-12-24,USD,41.239
2023-12-24,EUR,45.0498
2023-12-24,UAH,1.0
2023-12-25,USD,41.2861
2023-12-25,EUR,44.9813
2023-12-25,UAH,1.0
2023-12-26,USD,41.2575
2023-12-26,EUR,44.933
2023-12-26,UAH,1.0
2023-12-27,USD,41.2208
2023-12-27,EUR,44.9631
2023-12-27,UAH,1.0
2023-12-28,USD,41.2233
2023-12-28,EUR,45.0573
2023-12-28,UAH,1.0
2023-12-29,USD,41.2386
2023-12-29,EUR,45.0582
2023-12-29,UAH,1.0
2023-12-30,USD,41.3223
2023-12-30,EUR,45.0272
2023-12-30,UAH,1.0
2023-12-31,USD,41.2934
2023-12-31,EUR,44.9952
2023-12-31,UAH,1.0
2024-01-01,USD,41.3813
2024-01-01,EUR,44.964
2024-01-01,UAH,1.0
2024-01-02,USD,41.3855
2024-01-02,EUR,44.9646
2024-01-02,UAH,1.0
2024-01-03,USD,41.3735
2024-01-03,EUR,44.9695
2024-01-03,UAH,1.0
2024-01-04,USD,41.4604
2024-01-04,EUR,45.0134
2024-01-04,UAH,1.0
2024-01-05,USD,41.4399
2024-01-05,EUR,44.976
2024-01-05,UAH,1.0
2024-01-06,USD,41.3967
2024-01-06,EUR,44.9655
2024-01-06,UAH,1.0
2024-01-07,USD,41.3828
2024-01-07,EUR,45.0485
2024-01-07,UAH,1.0
2024-01-08,USD,41.4543
2024-01-08,EUR,45.032
2024-01-08,UAH,1.0
2024-01-09,USD,41.4511
2024-01-09,EUR,45.0151
2024-01-09,UAH,1.0
2024-01-10,USD,41.4071
2024-01-10,EUR,44.9579
2024-01-10,UAH,1.0
2024-01-11,USD,41.4665
2024-01-11,EUR,45.0325
2024-01-11,UAH,1.0
2024-01-12,USD,41.5012
2024-01-12,EUR,44.9778
2024-01-12,UAH,1.0
2024-01-13,USD,41.4554
2024-01-13,EUR,45.026
2024-01-13,UAH,1.0
2024-01-14,USD,41.4313
2024-01-14,EUR,45.0645
2024-01-14,UAH,1.0
2024-01-15,USD,41.467
2024-01-15,EUR,45.1338
2024-01-15,UAH,1.0
2024-01-16,USD,41.4544
2024-01-16,EUR,45.1918
2024-01-16,UAH,1.0
2024-01-17,USD,41.4879
2024-01-17,EUR,45.214
2024-01-17,UAH,1.0
2024-01-18,USD,41.5378
2024-01-18,EUR,45.1701
2024-01-18,UAH,1.0
2024-01-19,USD,41.499
2024-01-19,EUR,45.2478
2024-01-19,UAH,1.0
2024-01-20,USD,41.5435
2024-01-20,EUR,45.2169
2024-01-20,UAH,1.0
2024-01-21,USD,41.5424
2024-01-21,EUR,45.1521
2024-01-21,UAH,1.0
2024-01-22,USD,41.6136
2024-01-22,EUR,45.1439
2024-01-22,UAH,1.0
2024-01-23,USD,41.6183
2024-01-23,EUR,45.138
2024-01-23,UAH,1.0
2024-01-24,USD,41.6149
2024-01-24,EUR,45.0778
2024-01-24,UAH,1.0
2024-01-25,USD,41.6979
2024-01-25,EUR,45.1402
2024-01-25,UAH,1.0
2024-01-26,USD,41.784
2024-01-26,EUR,45.2304
2024-01-26,UAH,1.0
2024-01-27,USD,41.8336
2024-01-27,EUR,45.254
2024-01-27,UAH,1.0
2024-01-28,USD,41.8017
2024-01-28,EUR,45.2198
2024-01-28,UAH,1.0
2024-01-29,USD,41.8359
2024-01-29,EUR,45.306
2024-01-29,UAH,1.0
2024-01-30,USD,41.9025
2024-01-30,EUR,45.2502
2024-01-30,UAH,1.0
2024-01-31,USD,41.8718
2024-01-31,EUR,45.3369
2024-01-31,UAH,1.0
2024-02-01,USD,41.8503
2024-02-01,EUR,45.3825
2024-02-01,UAH,1.0
2024-02-02,USD,41.9343
2024-02-02,EUR,45.3561
2024-02-02,UAH,1.0
2024-02-03,USD,41.8933
2024-02-03,EUR,45.4472
2024-02-03,UAH,1.0
2024-02-04,USD,41.9333
2024-02-04,EUR,45.5058
2024-02-04,UAH,1.0
2024-02-05,USD,42.0228
2024-02-05,EUR,45.5858
2024-02-05,UAH,1.0
2024-02-06,USD,42.0463
2024-02-06,EUR,45.6709
2024-02-06,UAH,1.0
2024-02-07,USD,42.1324
2024-02-07,EUR,45.7157
2024-02-07,UAH,1.0
2024-02-08,USD,42.1231
2024-02-08,EUR,45.7104
2024-02-08,UAH,1.0
2024-02-09,USD,42.1626
2024-02-09,EUR,45.7795
2024-02-09,UAH,1.0
2024-02-10,USD,42.1908
2024-02-10,EUR,45.7564
2024-02-10,UAH,1.0
2024-02-11,USD,42.1691
2024-02-11,EUR,45.7412
2024-02-11,UAH,1.0
2024-02-12,USD,42.1478
2024-02-12,EUR,45.7691
2024-02-12,UAH,1.0
2024-02-13,USD,42.1653
2024-02-13,EUR,45.7729
2024-02-13,UAH,1.0
2024-02-14,USD,42.2217
2024-02-14,EUR,45.826
2024-02-14,UAH,1.0
2024-02-15,USD,42.2278
2024-02-15,EUR,45.8659
2024-02-15,UAH,1.0
2024-02-16,USD,42.311
2024-02-16,EUR,45.9011
2024-02-16,UAH,1.0
2024-02-17,USD,42.331
2024-02-17,EUR,45.9111
2024-02-17,UAH,1.0
2024-02-18,USD,42.3926
2024-02-18,EUR,45.9151
2024-02-18,UAH,1.0
2024-02-19,USD,42.3568
2024-02-19,EUR,45.8844
2024-02-19,UAH,1.0
2024-02-20,USD,42.3237
2024-02-20,EUR,45.9009
2024-02-20,UAH,1.0
2024-02-21,USD,42.3002
2024-02-21,EUR,45.9721
2024-02-21,UAH,1.0
2024-02-22,USD,42.3119
2024-02-22,EUR,45.9318
2024-02-22,UAH,1.0
2024-02-23,USD,42.3025
2024-02-23,EUR,45.9284
2024-02-23,UAH,1.0
2024-02-24,USD,42.3825
2024-02-24,EUR,46.0213
2024-02-24,UAH,1.0
2024-02-25,USD,42.3899
2024-02-25,EUR,45.991
2024-02-25,UAH,1.0
2024-02-26,USD,42.477
2024-02-26,EUR,45.9546
2024-02-26,UAH,1.0
2024-02-27,USD,42.4566
2024-02-27,EUR,45.9621
2024-02-27,UAH,1.0
2024-02-28,USD,42.4972
2024-02-28,EUR,45.9925
2024-02-28,UAH,1.0
2024-02-29,USD,42.5682
2024-02-29,EUR,45.9327
2024-02-29,UAH,1.0
2024-03-01,USD,42.544
2024-03-01,EUR,45.9986
2024-03-01,UAH,1.0
2024-03-02,USD,42.6019
2024-03-02,EUR,46.0039
2024-03-02,UAH,1.0
2024-03-03,USD,42.569
2024-03-03,EUR,46.0922
2024-03-03,UAH,1.0
2024-03-04,USD,42.6173
2024-03-04,EUR,46.0489
2024-03-04,UAH,1.0
2024-03-05,USD,42.5736
2024-03-05,EUR,46.0427
2024-03-05,UAH,1.0
2024-03-06,USD,42.5568
2024-03-06,EUR,46.0751
2024-03-06,UAH,1.0
2024-03-07,USD,42.5561
2024-03-07,EUR,46.1239
2024-03-07,UAH,1.0
2024-03-08,USD,42.6419
2024-03-08,EUR,46.1641
2024-03-08,UAH,1.0
2024-03-09,USD,42.6554
2024-03-09,EUR,46.1713
2024-03-09,UAH,1.0
2024-03-10,USD,42.6362
2024-03-10,EUR,46.2569
2024-03-10,UAH,1.0
2024-03-11,USD,42.5865
2024-03-11,EUR,46.2416
2024-03-11,UAH,1.0
2024-03-12,USD,42.6686
2024-03-12,EUR,46.2758
2024-03-12,UAH,1.0
2024-03-13,USD,42.6588
2024-03-13,EUR,46.2759
2024-03-13,UAH,1.0
2024-03-14,USD,42.6525
2024-03-14,EUR,46.2821
2024-03-14,UAH,1.0
2024-03-15,USD,42.6534
2024-03-15,EUR,46.252
2024-03-15,UAH,1.0
2024-03-16,USD,42.6104
2024-03-16,EUR,46.3403
2024-03-16,UAH,1.0
2024-03-17,USD,42.6307
2024-03-17,EUR,46.3632
2024-03-17,UAH,1.0
2024-03-18,USD,42.6862
2024-03-18,EUR,46.3392
2024-03-18,UAH,1.0
2024-03-19,USD,42.6808
2024-03-19,EUR,46.2758
2024-03-19,UAH,1.0
2024-03-20,USD,42.7619
2024-03-20,EUR,46.2963
2024-03-20,UAH,1.0
2024-03-21,USD,42.8001
2024-03-21,EUR,46.3742
2024-03-21,UAH,1.0
2024-03-22,USD,42.8321
2024-03-22,EUR,46.3673
2024-03-22,UAH,1.0
2024-03-23,USD,42.897
2024-03-23,EUR,46.3446
2024-03-23,UAH,1.0
2024-03-24,USD,42.9306
2024-03-24,EUR,46.3821
2024-03-24,UAH,1.0
2024-03-25,USD,42.9152
2024-03-25,EUR,46.4408
2024-03-25,UAH,1.0
2024-03-26,USD,42.9072
2024-03-26,EUR,46.4671
2024-03-26,UAH,1.0
2024-03-27,USD,42.8955
2024-03-27,EUR,46.5591
2024-03-27,UAH,1.0
2024-03-28,USD,42.8639
2024-03-28,EUR,46.5856
2024-03-28,UAH,1.0
2024-03-29,USD,42.9278
2024-03-29,EUR,46.5714
2024-03-29,UAH,1.0
2024-03-30,USD,42.8948
2024-03-30,EUR,46.6232
2024-03-30,UAH,1.0
2024-03-31,USD,42.8905
2024-03-31,EUR,46.6581
2024-03-31,UAH,1.0
2024-04-01,USD,42.907
2024-04-01,EUR,46.7513
2024-04-01,UAH,1.0
2024-04-02,USD,42.976
2024-04-02,EUR,46.7834
2024-04-02,UAH,1.0
2024-04-03,USD,43.0492
2024-04-03,EUR,46.8594
2024-04-03,UAH,1.0
2024-04-04,USD,43.0565
2024-04-04,EUR,46.7967
2024-04-04,UAH,1.0
2024-04-05,USD,43.1227
2024-04-05,EUR,46.842
2024-04-05,UAH,1.0
2024-04-06,USD,43.1947
2024-04-06,EUR,46.935
2024-04-06,UAH,1.0
2024-04-07,USD,43.2776
2024-04-07,EUR,46.9788
2024-04-07,UAH,1.0
2024-04-08,USD,43.2345
2024-04-08,EUR,46.9602
2024-04-08,UAH,1.0
2024-04-09,USD,43.3082
2024-04-09,EUR,46.9251
2024-04-09,UAH,1.0
2024-04-10,USD,43.3913
2024-04-10,EUR,47.0064
2024-04-10,UAH,1.0
2024-04-11,USD,43.3437
2024-04-11,EUR,47.0552
2024-04-11,UAH,1.0
2024-04-12,USD,43.3357
2024-04-12,EUR,47.0658
2024-04-12,UAH,1.0
2024-04-13,USD,43.3146
2024-04-13,EUR,47.0244
2024-04-13,UAH,1.0
2024-04-14,USD,43.2576
2024-04-14,EUR,46.9968
2024-04-14,UAH,1.0
2024-04-15,USD,43.3199
2024-04-15,EUR,47.085
2024-04-15,UAH,1.0
2024-04-16,USD,43.3084
2024-04-16,EUR,47.1642
2024-04-16,UAH,1.0
2024-04-17,USD,43.2718
2024-04-17,EUR,47.1713
2024-04-17,UAH,1.0
2024-04-18,USD,43.3257
2024-04-18,EUR,47.1375
2024-04-18,UAH,1.0
2024-04-19,USD,43.3101
2024-04-19,EUR,47.1624
2024-04-19,UAH,1.0
2024-04-20,USD,43.3225
2024-04-20,EUR,47.1904
2024-04-20,UAH,1.0
2024-04-21,USD,43.2815
2024-04-21,EUR,47.2602
2024-04-21,UAH,1.0
2024-04-22,USD,43.3324
2024-04-22,EUR,47.3545
2024-04-22,UAH,1.0
2024-04-23,USD,43.2796
2024-04-23,EUR,47.329
2024-04-23,UAH,1.0
2024-04-24,USD,43.2968
2024-04-24,EUR,47.3499
2024-04-24,UAH,1.0
2024-04-25,USD,43.3136
2024-04-25,EUR,47.44
2024-04-25,UAH,1.0
2024-04-26,USD,43.3601
2024-04-26,EUR,47.5045
2024-04-26,UAH,1.0
2024-04-27,USD,43.4005
2024-04-27,EUR,47.4977
2024-04-27,UAH,1.0
2024-04-28,USD,43.3987
2024-04-28,EUR,47.5124
2024-04-28,UAH,1.0
2024-04-29,USD,43.3628
2024-04-29,EUR,47.5951
2024-04-29,UAH,1.0
2024-04-30,USD,43.3341
2024-04-30,EUR,47.5691
2024-04-30,UAH,1.0
2024-05-01,USD,43.2921
2024-05-01,EUR,47.5298
2024-05-01,UAH,1.0
2024-05-02,USD,43.3203
2024-05-02,EUR,47.5114
2024-05-02,UAH,1.0
2024-05-03,USD,43.2955
2024-05-03,EUR,47.5203
2024-05-03,UAH,1.0
2024-05-04,USD,43.3529
2024-05-04,EUR,47.493
2024-05-04,UAH,1.0
2024-05-05,USD,43.3262
2024-05-05,EUR,47.531
2024-05-05,UAH,1.0
2024-05-06,USD,43.4095
2024-05-06,EUR,47.5411
2024-05-06,UAH,1.0
2024-05-07,USD,43.4524
2024-05-07,EUR,47.5441
2024-05-07,UAH,1.0
2024-05-08,USD,43.5419
2024-05-08,EUR,47.5141
2024-05-08,UAH,1.0
2024-05-09,USD,43.6
2024-05-09,EUR,47.4898
2024-05-09,UAH,1.0
2024-05-10,USD,43.5874
2024-05-10,EUR,47.5116
2024-05-10,UAH,1.0
2024-05-11,USD,43.6213
2024-05-11,EUR,47.5054
2024-05-11,UAH,1.0
2024-05-12,USD,43.7
2024-05-12,EUR,47.5263
2024-05-12,UAH,1.0
2024-05-13,USD,43.6458
2024-05-13,EUR,47.5967
2024-05-13,UAH,1.0
2024-05-14,USD,43.6477
2024-05-14,EUR,47.6002
2024-05-14,UAH,1.0
2024-05-15,USD,43.7096
2024-05-15,EUR,47.6083
2024-05-15,UAH,1.0
2024-05-16,USD,43.7199
2024-05-16,EUR,47.5632
2024-05-16,UAH,1.0
2024-05-17,USD,43.7599
2024-05-17,EUR,47.6546
2024-05-17,UAH,1.0
2024-05-18,USD,43.7963
2024-05-18,EUR,47.6898
2024-05-18,UAH,1.0
2024-05-19,USD,43.8218
2024-05-19,EUR,47.7388
2024-05-19,UAH,1.0
2024-05-20,USD,43.7621
2024-05-20,EUR,47.786
2024-05-20,UAH,1.0
2024-05-21,USD,43.8054
2024-05-21,EUR,47.8638
2024-05-21,UAH,1.0
2024-05-22,USD,43.8133
2024-05-22,EUR,47.92
2024-05-22,UAH,1.0
2024-05-23,USD,43.857
2024-05-23,EUR,47.8845
2024-05-23,UAH,1.0
2024-05-24,USD,43.8187
2024-05-24,EUR,47.8851
2024-05-24,UAH,1.0
2024-05-25,USD,43.8758
2024-05-25,EUR,47.8583
2024-05-25,UAH,1.0
2024-05-26,USD,43.8861
2024-05-26,EUR,47.8619
2024-05-26,UAH,1.0
2024-05-27,USD,43.841
2024-05-27,EUR,47.8661
2024-05-27,UAH,1.0
2024-05-28,USD,43.8701
2024-05-28,EUR,47.894
2024-05-28,UAH,1.0
2024-05-29,USD,43.8689
2024-05-29,EUR,47.9107
2024-05-29,UAH,1.0
2024-05-30,USD,43.8187
2024-05-30,EUR,47.8521
2024-05-30,UAH,1.0
2024-05-31,USD,43.824
2024-05-31,EUR,47.8059
2024-05-31,UAH,1.0
2024-06-01,USD,43.8248
2024-06-01,EUR,47.7574
2024-06-01,UAH,1.0
2024-06-02,USD,43.7969
2024-06-02,EUR,47.8207
2024-06-02,UAH,1.0
2024-06-03,USD,43.8744
2024-06-03,EUR,47.8516
2024-06-03,UAH,1.0
2024-06-04,USD,43.9415
2024-06-04,EUR,47.9117
2024-06-04,UAH,1.0
2024-06-05,USD,43.9856
2024-06-05,EUR,47.9584
2024-06-05,UAH,1.0
2024-06-06,USD,44.0667
2024-06-06,EUR,47.9189
2024-06-06,UAH,1.0
2024-06-07,USD,44.1492
2024-06-07,EUR,47.9381
2024-06-07,UAH,1.0
2024-06-08,USD,44.2344
2024-06-08,EUR,47.9476
2024-06-08,UAH,1.0
2024-06-09,USD,44.185
2024-06-09,EUR,48.0281
2024-06-09,UAH,1.0
2024-06-10,USD,44.257
2024-06-10,EUR,48.0119
2024-06-10,UAH,1.0
2024-06-11,USD,44.2767
2024-06-11,EUR,48.0215
2024-06-11,UAH,1.0
2024-06-12,USD,44.3216
2024-06-12,EUR,48.0134
2024-06-12,UAH,1.0
2024-06-13,USD,44.373
2024-06-13,EUR,48.1001
2024-06-13,UAH,1.0
2024-06-14,USD,44.4568
2024-06-14,EUR,48.1659
2024-06-14,UAH,1.0
2024-06-15,USD,44.4527
2024-06-15,EUR,48.1979
2024-06-15,UAH,1.0
2024-06-16,USD,44.4999
2024-06-16,EUR,48.165
2024-06-16,UAH,1.0
2024-06-17,USD,44.5136
2024-06-17,EUR,48.1392
2024-06-17,UAH,1.0
2024-06-18,USD,44.4964
2024-06-18,EUR,48.1889
2024-06-18,UAH,1.0
2024-06-19,USD,44.4978
2024-06-19,EUR,48.2418
2024-06-19,UAH,1.0
2024-06-20,USD,44.5837
2024-06-20,EUR,48.259
2024-06-20,UAH,1.0
2024-06-21,USD,44.5353
2024-06-21,EUR,48.2661
2024-06-21,UAH,1.0
2024-06-22,USD,44.5953
2024-06-22,EUR,48.2751
2024-06-22,UAH,1.0
2024-06-23,USD,44.5823
2024-06-23,EUR,48.2355
2024-06-23,UAH,1.0
2024-06-24,USD,44.6596
2024-06-24,EUR,48.2556
2024-06-24,UAH,1.0
2024-06-25,USD,44.6863
2024-06-25,EUR,48.2698
2024-06-25,UAH,1.0
2024-06-26,USD,44.6786
2024-06-26,EUR,48.2606
2024-06-26,UAH,1.0
2024-06-27,USD,44.6835
2024-06-27,EUR,48.3327
2024-06-27,UAH,1.0
2024-06-28,USD,44.7725
2024-06-28,EUR,48.3192
2024-06-28,UAH,1.0
2024-06-29,USD,44.8051
2024-06-29,EUR,48.2883
2024-06-29,UAH,1.0
2024-06-30,USD,44.759
2024-06-30,EUR,48.2274
2024-06-30,UAH,1.0
2024-07-01,USD,44.7845
2024-07-01,EUR,48.2382
2024-07-01,UAH,1.0
2024-07-02,USD,44.7299
2024-07-02,EUR,48.3211
2024-07-02,UAH,1.0
2024-07-03,USD,44.6825
2024-07-03,EUR,48.3804
2024-07-03,UAH,1.0
2024-07-04,USD,44.7585
2024-07-04,EUR,48.3312
2024-07-04,UAH,1.0
2024-07-05,USD,44.7665
2024-07-05,EUR,48.2842
2024-07-05,UAH,1.0
2024-07-06,USD,44.8134
2024-07-06,EUR,48.2853
2024-07-06,UAH,1.0
2024-07-07,USD,44.8767
2024-07-07,EUR,48.2306
2024-07-07,UAH,1.0
2024-07-08,USD,44.9486
2024-07-08,EUR,48.3016
2024-07-08,UAH,1.0
2024-07-09,USD,45.0
2024-07-09,EUR,48.4011
2024-07-09,UAH,1.0
2024-07-10,USD,45.0
2024-07-10,EUR,48.4169
2024-07-10,UAH,1.0
2024-07-11,USD,45.0
2024-07-11,EUR,48.3765
2024-07-11,UAH,1.0
2024-07-12,USD,45.0
2024-07-12,EUR,48.3069
2024-07-12,UAH,1.0
2024-07-13,USD,45.0
2024-07-13,EUR,48.3877
2024-07-13,UAH,1.0
2024-07-14,USD,45.0
2024-07-14,EUR,48.4457
2024-07-14,UAH,1.0
2024-07-15,USD,44.9998
2024-07-15,EUR,48.5178
2024-07-15,UAH,1.0
2024-07-16,USD,45.0
2024-07-16,EUR,48.602
2024-07-16,UAH,1.0
2024-07-17,USD,44.9623
2024-07-17,EUR,48.6411
2024-07-17,UAH,1.0
2024-07-18,USD,44.9558
2024-07-18,EUR,48.6893
2024-07-18,UAH,1.0
2024-07-19,USD,44.9743
2024-07-19,EUR,48.7238
2024-07-19,UAH,1.0
2024-07-20,USD,45.0
2024-07-20,EUR,48.6878
2024-07-20,UAH,1.0
2024-07-21,USD,44.9424
2024-07-21,EUR,48.6974
2024-07-21,UAH,1.0
2024-07-22,USD,45.0
2024-07-22,EUR,48.636
2024-07-22,UAH,1.0
2024-07-23,USD,45.0
2024-07-23,EUR,48.602
2024-07-23,UAH,1.0
2024-07-24,USD,44.98
2024-07-24,EUR,48.6049
2024-07-24,UAH,1.0
2024-07-25,USD,44.9565
2024-07-25,EUR,48.5891
2024-07-25,UAH,1.0
2024-07-26,USD,44.9107
2024-07-26,EUR,48.5447
2024-07-26,UAH,1.0
2024-07-27,USD,44.8628
2024-07-27,EUR,48.5306
2024-07-27,UAH,1.0
2024-07-28,USD,44.8169
2024-07-28,EUR,48.5112
2024-07-28,UAH,1.0
2024-07-29,USD,44.7683
2024-07-29,EUR,48.5565
2024-07-29,UAH,1.0
2024-07-30,USD,44.7829
2024-07-30,EUR,48.6324
2024-07-30,UAH,1.0
2024-07-31,USD,44.7699
2024-07-31,EUR,48.6288
2024-07-31,UAH,1.0
2024-08-01,USD,44.7389
2024-08-01,EUR,48.5687
2024-08-01,UAH,1.0
2024-08-02,USD,44.7953
2024-08-02,EUR,48.5839
2024-08-02,UAH,1.0
2024-08-03,USD,44.7665
2024-08-03,EUR,48.5443
2024-08-03,UAH,1.0
2024-08-04,USD,44.7877
2024-08-04,EUR,48.6036
2024-08-04,UAH,1.0
2024-08-05,USD,44.7587
2024-08-05,EUR,48.59
2024-08-05,UAH,1.0
2024-08-06,USD,44.7155
2024-08-06,EUR,48.6055
2024-08-06,UAH,1.0
2024-08-07,USD,44.7757
2024-08-07,EUR,48.6661
2024-08-07,UAH,1.0
2024-08-08,USD,44.7233
2024-08-08,EUR,48.6222
2024-08-08,UAH,1.0
2024-08-09,USD,44.673
2024-08-09,EUR,48.6234
2024-08-09,UAH,1.0
2024-08-10,USD,44.7056
2024-08-10,EUR,48.5974
2024-08-10,UAH,1.0
2024-08-11,USD,44.6819
2024-08-11,EUR,48.575
2024-08-11,UAH,1.0
2024-08-12,USD,44.7168
2024-08-12,EUR,48.5641
2024-08-12,UAH,1.0
2024-08-13,USD,44.7118
2024-08-13,EUR,48.5515
2024-08-13,UAH,1.0
2024-08-14,USD,44.7858
2024-08-14,EUR,48.5128
2024-08-14,UAH,1.0
2024-08-15,USD,44.7893
2024-08-15,EUR,48.5185
2024-08-15,UAH,1.0
2024-08-16,USD,44.8292
2024-08-16,EUR,48.4869
2024-08-16,UAH,1.0
2024-08-17,USD,44.7706
2024-08-17,EUR,48.4196
2024-08-17,UAH,1.0
2024-08-18,USD,44.8264
2024-08-18,EUR,48.4867
2024-08-18,UAH,1.0
2024-08-19,USD,44.8871
2024-08-19,EUR,48.4998
2024-08-19,UAH,1.0
2024-08-20,USD,44.9583
2024-08-20,EUR,48.4394
2024-08-20,UAH,1.0
2024-08-21,USD,44.9097
2024-08-21,EUR,48.5127
2024-08-21,UAH,1.0
2024-08-22,USD,44.8966
2024-08-22,EUR,48.5223
2024-08-22,UAH,1.0
2024-08-23,USD,44.9536
2024-08-23,EUR,48.5969
2024-08-23,UAH,1.0
2024-08-24,USD,44.9476
2024-08-24,EUR,48.662
2024-08-24,UAH,1.0
2024-08-25,USD,44.9997
2024-08-25,EUR,48.7111
2024-08-25,UAH,1.0
2024-08-26,USD,45.0
2024-08-26,EUR,48.6667
2024-08-26,UAH,1.0
2024-08-27,USD,45.0
2024-08-27,EUR,48.6448
2024-08-27,UAH,1.0
2024-08-28,USD,45.0
2024-08-28,EUR,48.6602
2024-08-28,UAH,1.0
2024-08-29,USD,44.9692
2024-08-29,EUR,48.6161
2024-08-29,UAH,1.0
2024-08-30,USD,44.9866
2024-08-30,EUR,48.5945
2024-08-30,UAH,1.0
2024-08-31,USD,44.9527
2024-08-31,EUR,48.5975
2024-08-31,UAH,1.0
2024-09-01,USD,44.995
2024-09-01,EUR,48.6757
2024-09-01,UAH,1.0
2024-09-02,USD,45.0
2024-09-02,EUR,48.6532
2024-09-02,UAH,1.0
2024-09-03,USD,44.9977
2024-09-03,EUR,48.6318
2024-09-03,UAH,1.0
2024-09-04,USD,45.0
2024-09-04,EUR,48.568
2024-09-04,UAH,1.0
2024-09-05,USD,45.0
2024-09-05,EUR,48.5547
2024-09-05,UAH,1.0
2024-09-06,USD,45.0
2024-09-06,EUR,48.638
2024-09-06,UAH,1.0
2024-09-07,USD,44.9819
2024-09-07,EUR,48.7076
2024-09-07,UAH,1.0
2024-09-08,USD,44.9561
2024-09-08,EUR,48.6415
2024-09-08,UAH,1.0
2024-09-09,USD,45.0
2024-09-09,EUR,48.7369
2024-09-09,UAH,1.0
2024-09-10,USD,45.0
2024-09-10,EUR,48.8235
2024-09-10,UAH,1.0
2024-09-11,USD,45.0
2024-09-11,EUR,48.9223
2024-09-11,UAH,1.0
2024-09-12,USD,45.0
2024-09-12,EUR,48.8922
2024-09-12,UAH,1.0
2024-09-13,USD,44.9885
2024-09-13,EUR,48.9737
2024-09-13,UAH,1.0
2024-09-14,USD,45.0
2024-09-14,EUR,48.9807
2024-09-14,UAH,1.0
2024-09-15,USD,44.9705
2024-09-15,EUR,49.0469
2024-09-15,UAH,1.0
2024-09-16,USD,44.944
2024-09-16,EUR,49.1162
2024-09-16,UAH,1.0
2024-09-17,USD,44.9666
2024-09-17,EUR,49.1595
2024-09-17,UAH,1.0
2024-09-18,USD,44.9298
2024-09-18,EUR,49.226
2024-09-18,UAH,1.0
2024-09-19,USD,45.0
2024-09-19,EUR,49.3103
2024-09-19,UAH,1.0
2024-09-20,USD,45.0
2024-09-20,EUR,49.3125
2024-09-20,UAH,1.0
2024-09-21,USD,45.0
2024-09-21,EUR,49.2589
2024-09-21,UAH,1.0
2024-09-22,USD,44.9445
2024-09-22,EUR,49.3242
2024-09-22,UAH,1.0
2024-09-23,USD,44.9762
2024-09-23,EUR,49.2959
2024-09-23,UAH,1.0
2024-09-24,USD,45.0
2024-09-24,EUR,49.3791
2024-09-24,UAH,1.0
2024-09-25,USD,45.0
2024-09-25,EUR,49.3531
2024-09-25,UAH,1.0
2024-09-26,USD,44.9594
2024-09-26,EUR,49.3893
2024-09-26,UAH,1.0
2024-09-27,USD,44.9821
2024-09-27,EUR,49.398
2024-09-27,UAH,1.0
2024-09-28,USD,44.9997
2024-09-28,EUR,49.4455
2024-09-28,UAH,1.0
2024-09-29,USD,44.965
2024-09-29,EUR,49.5005
2024-09-29,UAH,1.0
2024-09-30,USD,44.9205
2024-09-30,EUR,49.4708
2024-09-30,UAH,1.0
2024-10-01,USD,44.9696
2024-10-01,EUR,49.5555
2024-10-01,UAH,1.0
2024-10-02,USD,44.9248
2024-10-02,EUR,49.5041
2024-10-02,UAH,1.0
2024-10-03,USD,44.9151
2024-10-03,EUR,49.5376
2024-10-03,UAH,1.0
2024-10-04,USD,44.9024
2024-10-04,EUR,49.4687
2024-10-04,UAH,1.0
2024-10-05,USD,44.9556
2024-10-05,EUR,49.4358
2024-10-05,UAH,1.0
2024-10-06,USD,44.9955
2024-10-06,EUR,49.5113
2024-10-06,UAH,1.0
2024-10-07,USD,45.0
2024-10-07,EUR,49.5553
2024-10-07,UAH,1.0
2024-10-08,USD,44.9536
2024-10-08,EUR,49.5357
2024-10-08,UAH,1.0
2024-10-09,USD,44.9159
2024-10-09,EUR,49.5011
2024-10-09,UAH,1.0
2024-10-10,USD,44.9792
2024-10-10,EUR,49.4685
2024-10-10,UAH,1.0
2024-10-11,USD,44.9623
2024-10-11,EUR,49.4407
2024-10-11,UAH,1.0
2024-10-12,USD,44.9951
2024-10-12,EUR,49.4983
2024-10-12,UAH,1.0
2024-10-13,USD,44.9825
2024-10-13,EUR,49.5649
2024-10-13,UAH,1.0
2024-10-14,USD,44.9653
2024-10-14,EUR,49.6285
2024-10-14,UAH,1.0
2024-10-15,USD,44.9733
2024-10-15,EUR,49.6759
2024-10-15,UAH,1.0
2024-10-16,USD,44.9713
2024-10-16,EUR,49.7304
2024-10-16,UAH,1.0
2024-10-17,USD,45.0
2024-10-17,EUR,49.6916
2024-10-17,UAH,1.0
2024-10-18,USD,45.0
2024-10-18,EUR,49.6536
2024-10-18,UAH,1.0
2024-10-19,USD,45.0
2024-10-19,EUR,49.7013
2024-10-19,UAH,1.0
2024-10-20,USD,45.0
2024-10-20,EUR,49.7692
2024-10-20,UAH,1.0
2024-10-21,USD,45.0
2024-10-21,EUR,49.7616
2024-10-21,UAH,1.0
2024-10-22,USD,45.0
2024-10-22,EUR,49.7555
2024-10-22,UAH,1.0
2024-10-23,USD,44.9711
2024-10-23,EUR,49.8026
2024-10-23,UAH,1.0
2024-10-24,USD,44.9352
2024-10-24,EUR,49.8524
2024-10-24,UAH,1.0
2024-10-25,USD,44.9773
2024-10-25,EUR,49.8788
2024-10-25,UAH,1.0
2024-10-26,USD,44.9987
2024-10-26,EUR,49.8573
2024-10-26,UAH,1.0
2024-10-27,USD,44.9594
2024-10-27,EUR,49.8177
2024-10-27,UAH,1.0
2024-10-28,USD,44.901
2024-10-28,EUR,49.8555
2024-10-28,UAH,1.0
2024-10-29,USD,44.9083
2024-10-29,EUR,49.8224
2024-10-29,UAH,1.0
2024-10-30,USD,44.9049
2024-10-30,EUR,49.8683
2024-10-30,UAH,1.0
2024-10-31,USD,44.8694
2024-10-31,EUR,49.9179
2024-10-31,UAH,1.0
2024-11-01,USD,44.9079
2024-11-01,EUR,49.9946
2024-11-01,UAH,1.0
2024-11-02,USD,44.9248
2024-11-02,EUR,49.9656
2024-11-02,UAH,1.0
2024-11-03,USD,44.9055
2024-11-03,EUR,49.9869
2024-11-03,UAH,1.0
2024-11-04,USD,44.9195
2024-11-04,EUR,49.957
2024-11-04,UAH,1.0
2024-11-05,USD,44.8805
2024-11-05,EUR,50.0
2024-11-05,UAH,1.0
2024-11-06,USD,44.934
2024-11-06,EUR,49.9627
2024-11-06,UAH,1.0
2024-11-07,USD,44.8778
2024-11-07,EUR,50.0
2024-11-07,UAH,1.0
2024-11-08,USD,44.8407
2024-11-08,EUR,50.0
2024-11-08,UAH,1.0
2024-11-09,USD,44.8313
2024-11-09,EUR,50.0
2024-11-09,UAH,1.0
2024-11-10,USD,44.8777
2024-11-10,EUR,49.9547
2024-11-10,UAH,1.0
2024-11-11,USD,44.9457
2024-11-11,EUR,49.8872
2024-11-11,UAH,1.0
2024-11-12,USD,45.0
2024-11-12,EUR,49.9213
2024-11-12,UAH,1.0
2024-11-13,USD,44.9545
2024-11-13,EUR,49.9119
2024-11-13,UAH,1.0
2024-11-14,USD,44.9589
2024-11-14,EUR,49.9431
2024-11-14,UAH,1.0
2024-11-15,USD,45.0
2024-11-15,EUR,49.9996
2024-11-15,UAH,1.0
2024-11-16,USD,45.0
2024-11-16,EUR,49.9748
2024-11-16,UAH,1.0
2024-11-17,USD,45.0
2024-11-17,EUR,49.9526
2024-11-17,UAH,1.0
2024-11-18,USD,44.9562
2024-11-18,EUR,49.8955
2024-11-18,UAH,1.0
2024-11-19,USD,44.947
2024-11-19,EUR,49.8662
2024-11-19,UAH,1.0
2024-11-20,USD,44.9847
2024-11-20,EUR,49.9311
2024-11-20,UAH,1.0
2024-11-21,USD,44.9318
2024-11-21,EUR,49.9375
2024-11-21,UAH,1.0
2024-11-22,USD,44.9558
2024-11-22,EUR,49.9213
2024-11-22,UAH,1.0
2024-11-23,USD,45.0
2024-11-23,EUR,49.9097
2024-11-23,UAH,1.0
2024-11-24,USD,45.0
2024-11-24,EUR,49.9995
2024-11-24,UAH,1.0
2024-11-25,USD,45.0
2024-11-25,EUR,50.0
2024-11-25,UAH,1.0
2024-11-26,USD,45.0
2024-11-26,EUR,50.0
2024-11-26,UAH,1.0
2024-11-27,USD,45.0
2024-11-27,EUR,50.0
2024-11-27,UAH,1.0
2024-11-28,USD,44.9475
2024-11-28,EUR,50.0
2024-11-28,UAH,1.0
2024-11-29,USD,45.0
2024-11-29,EUR,50.0
2024-11-29,UAH,1.0
2024-11-30,USD,45.0
2024-11-30,EUR,49.974
2024-11-30,UAH,1.0
2024-12-01,USD,45.0
2024-12-01,EUR,50.0
2024-12-01,UAH,1.0
2024-12-02,USD,45.0
2024-12-02,EUR,49.9422
2024-12-02,UAH,1.0
2024-12-03,USD,45.0
2024-12-03,EUR,50.0
2024-12-03,UAH,1.0
2024-12-04,USD,45.0
2024-12-04,EUR,49.9645
2024-12-04,UAH,1.0
2024-12-05,USD,45.0
2024-12-05,EUR,49.9216
2024-12-05,UAH,1.0
2024-12-06,USD,44.9727
2024-12-06,EUR,49.9347
2024-12-06,UAH,1.0
2024-12-07,USD,45.0
2024-12-07,EUR,49.9212
2024-12-07,UAH,1.0
2024-12-08,USD,45.0
2024-12-08,EUR,49.9339
2024-12-08,UAH,1.0
2024-12-09,USD,45.0
2024-12-09,EUR,49.8763
2024-12-09,UAH,1.0
2024-12-10,USD,44.9993
2024-12-10,EUR,49.9355
2024-12-10,UAH,1.0
2024-12-11,USD,45.0
2024-12-11,EUR,49.9156
2024-12-11,UAH,1.0
2024-12-12,USD,44.9573
2024-12-12,EUR,49.9767
2024-12-12,UAH,1.0
2024-12-13,USD,44.8997
2024-12-13,EUR,49.9431
2024-12-13,UAH,1.0
2024-12-14,USD,44.8856
2024-12-14,EUR,49.8829
2024-12-14,UAH,1.0
2024-12-15,USD,44.8257
2024-12-15,EUR,49.9747
2024-12-15,UAH,1.0
2024-12-16,USD,44.8254
2024-12-16,EUR,50.0
2024-12-16,UAH,1.0
2024-12-17,USD,44.8333
2024-12-17,EUR,49.9834
2024-12-17,UAH,1.0
2024-12-18,USD,44.8217
2024-12-18,EUR,50.0
2024-12-18,UAH,1.0
2024-12-19,USD,44.7995
2024-12-19,EUR,50.0
2024-12-19,UAH,1.0
2024-12-20,USD,44.7811
2024-12-20,EUR,50.0
2024-12-20,UAH,1.0
2024-12-21,USD,44.8364
2024-12-21,EUR,50.0
2024-12-21,UAH,1.0
2024-12-22,USD,44.921
2024-12-22,EUR,50.0
2024-12-22,UAH,1.0
2024-12-23,USD,44.9828
2024-12-23,EUR,50.0
2024-12-23,UAH,1.0
2024-12-24,USD,45.0
2024-12-24,EUR,50.0
2024-12-24,UAH,1.0
2024-12-25,USD,44.9611
2024-12-25,EUR,49.9601
2024-12-25,UAH,1.0
2024-12-26,USD,44.9811
2024-12-26,EUR,50.0
2024-12-26,UAH,1.0
2024-12-27,USD,44.9871
2024-12-27,EUR,49.9604
2024-12-27,UAH,1.0
2024-12-28,USD,45.0
2024-12-28,EUR,49.9307
2024-12-28,UAH,1.0
2024-12-29,USD,44.9964
2024-12-29,EUR,50.0
2024-12-29,UAH,1.0
2024-12-30,USD,44.9978
2024-12-30,EUR,49.9774
2024-12-30,UAH,1.0
2024-12-31,USD,45.0
2024-12-31,EUR,50.0
2024-12-31,UAH,1.0
2025-01-01,USD,45.0
2025-01-01,EUR,49.9308
2025-01-01,UAH,1.0
2025-01-02,USD,44.9666
2025-01-02,EUR,49.9357
2025-01-02,UAH,1.0
2025-01-03,USD,44.9307
2025-01-03,EUR,49.8902
2025-01-03,UAH,1.0
2025-01-04,USD,44.8904
2025-01-04,EUR,49.9547
2025-01-04,UAH,1.0
2025-01-05,USD,44.9601
2025-01-05,EUR,50.0
2025-01-05,UAH,1.0
2025-01-06,USD,44.9484
2025-01-06,EUR,49.9552
2025-01-06,UAH,1.0
2025-01-07,USD,44.8909
2025-01-07,EUR,50.0
2025-01-07,UAH,1.0
2025-01-08,USD,44.9278
2025-01-08,EUR,49.9888
2025-01-08,UAH,1.0
2025-01-09,USD,44.8766
2025-01-09,EUR,50.0
2025-01-09,UAH,1.0
2025-01-10,USD,44.8268
2025-01-10,EUR,49.9797
2025-01-10,UAH,1.0
2025-01-11,USD,44.8074
2025-01-11,EUR,50.0
2025-01-11,UAH,1.0
2025-01-12,USD,44.784
2025-01-12,EUR,50.0
2025-01-12,UAH,1.0
2025-01-13,USD,44.7374
2025-01-13,EUR,50.0
2025-01-13,UAH,1.0
2025-01-14,USD,44.8185
2025-01-14,EUR,50.0
2025-01-14,UAH,1.0
2025-01-15,USD,44.8791
2025-01-15,EUR,50.0
2025-01-15,UAH,1.0
2025-01-16,USD,44.8687
2025-01-16,EUR,50.0
2025-01-16,UAH,1.0
2025-01-17,USD,44.8619
2025-01-17,EUR,50.0
2025-01-17,UAH,1.0
2025-01-18,USD,44.8753
2025-01-18,EUR,50.0
2025-01-18,UAH,1.0
2025-01-19,USD,44.8252
2025-01-19,EUR,50.0
2025-01-19,UAH,1.0
2025-01-20,USD,44.7822
2025-01-20,EUR,50.0
2025-01-20,UAH,1.0
2025-01-21,USD,44.8005
2025-01-21,EUR,50.0
2025-01-21,UAH,1.0
2025-01-22,USD,44.7514
2025-01-22,EUR,49.9302
2025-01-22,UAH,1.0
2025-01-23,USD,44.7737
2025-01-23,EUR,50.0
2025-01-23,UAH,1.0
2025-01-24,USD,44.7578
2025-01-24,EUR,50.0
2025-01-24,UAH,1.0
2025-01-25,USD,44.7615
2025-01-25,EUR,49.9787
2025-01-25,UAH,1.0
2025-01-26,USD,44.7651
2025-01-26,EUR,49.9607
2025-01-26,UAH,1.0
2025-01-27,USD,44.8531
2025-01-27,EUR,49.9859
2025-01-27,UAH,1.0
2025-01-28,USD,44.8667
2025-01-28,EUR,50.0
2025-01-28,UAH,1.0
2025-01-29,USD,44.9261
2025-01-29,EUR,50.0
2025-01-29,UAH,1.0
2025-01-30,USD,44.9716
2025-01-30,EUR,49.9722
2025-01-30,UAH,1.0
2025-01-31,USD,44.9787
2025-01-31,EUR,50.0
2025-01-31,UAH,1.0
2025-02-01,USD,44.9293
2025-02-01,EUR,49.997
2025-02-01,UAH,1.0
2025-02-02,USD,44.9833
2025-02-02,EUR,50.0
2025-02-02,UAH,1.0
2025-02-03,USD,45.0
2025-02-03,EUR,50.0
2025-02-03,UAH,1.0
2025-02-04,USD,44.9538
2025-02-04,EUR,50.0
2025-02-04,UAH,1.0
2025-02-05,USD,44.9721
2025-02-05,EUR,50.0
2025-02-05,UAH,1.0
2025-02-06,USD,44.926
2025-02-06,EUR,50.0
2025-02-06,UAH,1.0
2025-02-07,USD,44.9519
2025-02-07,EUR,50.0
2025-02-07,UAH,1.0
2025-02-08,USD,44.9924
2025-02-08,EUR,49.9662
2025-02-08,UAH,1.0
2025-02-09,USD,45.0
2025-02-09,EUR,49.987
2025-02-09,UAH,1.0
2025-02-10,USD,44.9866
2025-02-10,EUR,49.9968
2025-02-10,UAH,1.0
2025-02-11,USD,45.0
2025-02-11,EUR,50.0
2025-02-11,UAH,1.0
2025-02-12,USD,45.0
2025-02-12,EUR,50.0
2025-02-12,UAH,1.0
2025-02-13,USD,45.0
2025-02-13,EUR,50.0
2025-02-13,UAH,1.0
2025-02-14,USD,45.0
2025-02-14,EUR,50.0
2025-02-14,UAH,1.0
2025-02-15,USD,44.9774
2025-02-15,EUR,50.0
2025-02-15,UAH,1.0
2025-02-16,USD,45.0
2025-02-16,EUR,50.0
2025-02-16,UAH,1.0
2025-02-17,USD,45.0
2025-02-17,EUR,50.0
2025-02-17,UAH,1.0
2025-02-18,USD,44.9472
2025-02-18,EUR,50.0
2025-02-18,UAH,1.0
2025-02-19,USD,45.0
2025-02-19,EUR,49.9463
2025-02-19,UAH,1.0
2025-02-20,USD,45.0
2025-02-20,EUR,50.0
2025-02-20,UAH,1.0
2025-02-21,USD,44.9494
2025-02-21,EUR,50.0
2025-02-21,UAH,1.0
2025-02-22,USD,44.901
2025-02-22,EUR,50.0
2025-02-22,UAH,1.0
2025-02-23,USD,44.9612
2025-02-23,EUR,50.0
2025-02-23,UAH,1.0
2025-02-24,USD,44.9546
2025-02-24,EUR,50.0
2025-02-24,UAH,1.0
2025-02-25,USD,44.9782
2025-02-25,EUR,49.9988
2025-02-25,UAH,1.0
2025-02-26,USD,44.9394
2025-02-26,EUR,50.0
2025-02-26,UAH,1.0
2025-02-27,USD,44.9008
2025-02-27,EUR,50.0
2025-02-27,UAH,1.0
2025-02-28,USD,44.8724
2025-02-28,EUR,50.0
2025-02-28,UAH,1.0
2025-03-01,USD,44.8528
2025-03-01,EUR,50.0
2025-03-01,UAH,1.0
2025-03-02,USD,44.8987
2025-03-02,EUR,49.9611
2025-03-02,UAH,1.0
2025-03-03,USD,44.8431
2025-03-03,EUR,49.9259
2025-03-03,UAH,1.0
2025-03-04,USD,44.9013
2025-03-04,EUR,49.9385
2025-03-04,UAH,1.0
2025-03-05,USD,44.9424
2025-03-05,EUR,49.9303
2025-03-05,UAH,1.0
2025-03-06,USD,44.9259
2025-03-06,EUR,49.9702
2025-03-06,UAH,1.0
2025-03-07,USD,45.0
2025-03-07,EUR,50.0
2025-03-07,UAH,1.0
2025-03-08,USD,44.9851
2025-03-08,EUR,50.0
2025-03-08,UAH,1.0
2025-03-09,USD,44.9901
2025-03-09,EUR,50.0
2025-03-09,UAH,1.0
2025-03-10,USD,45.0
2025-03-10,EUR,50.0
2025-03-10,UAH,1.0
2025-03-11,USD,45.0
2025-03-11,EUR,50.0
2025-03-11,UAH,1.0
2025-03-12,USD,44.9793
2025-03-12,EUR,50.0
2025-03-12,UAH,1.0
2025-03-13,USD,45.0
2025-03-13,EUR,49.9337
2025-03-13,UAH,1.0
2025-03-14,USD,45.0
2025-03-14,EUR,49.9239
2025-03-14,UAH,1.0
2025-03-15,USD,45.0
2025-03-15,EUR,49.943
2025-03-15,UAH,1.0
2025-03-16,USD,44.9488
2025-03-16,EUR,50.0
2025-03-16,UAH,1.0
2025-03-17,USD,44.9693
2025-03-17,EUR,49.9868
2025-03-17,UAH,1.0
2025-03-18,USD,44.9744
2025-03-18,EUR,50.0
2025-03-18,UAH,1.0
2025-03-19,USD,44.9724
2025-03-19,EUR,50.0
2025-03-19,UAH,1.0
2025-03-20,USD,44.9192
2025-03-20,EUR,49.9526
2025-03-20,UAH,1.0
2025-03-21,USD,45.0
2025-03-21,EUR,50.0
2025-03-21,UAH,1.0
2025-03-22,USD,45.0
2025-03-22,EUR,49.9713
2025-03-22,UAH,1.0
2025-03-23,USD,45.0
2025-03-23,EUR,50.0
2025-03-23,UAH,1.0
2025-03-24,USD,45.0
2025-03-24,EUR,50.0
2025-03-24,UAH,1.0
2025-03-25,USD,45.0
2025-03-25,EUR,50.0
2025-03-25,UAH,1.0
2025-03-26,USD,45.0
2025-03-26,EUR,50.0
2025-03-26,UAH,1.0
2025-03-27,USD,44.9888
2025-03-27,EUR,50.0
2025-03-27,UAH,1.0
2025-03-28,USD,45.0
2025-03-28,EUR,50.0
2025-03-28,UAH,1.0
2025-03-29,USD,45.0
2025-03-29,EUR,49.9758
2025-03-29,UAH,1.0
2025-03-30,USD,44.9989
2025-03-30,EUR,49.9337
2025-03-30,UAH,1.0
2025-03-31,USD,45.0
2025-03-31,EUR,50.0
2025-03-31,UAH,1.0
2025-04-01,USD,44.976
2025-04-01,EUR,49.995
2025-04-01,UAH,1.0
2025-04-02,USD,45.0
2025-04-02,EUR,50.0
2025-04-02,UAH,1.0
2025-04-03,USD,45.0
2025-04-03,EUR,50.0
2025-04-03,UAH,1.0
2025-04-04,USD,45.0
2025-04-04,EUR,49.9497
2025-04-04,UAH,1.0
2025-04-05,USD,45.0
2025-04-05,EUR,50.0
2025-04-05,UAH,1.0
2025-04-06,USD,45.0
2025-04-06,EUR,49.9464
2025-04-06,UAH,1.0
2025-04-07,USD,44.9405
2025-04-07,EUR,49.9649
2025-04-07,UAH,1.0
2025-04-08,USD,44.9788
2025-04-08,EUR,49.9146
2025-04-08,UAH,1.0
2025-04-09,USD,45.0
2025-04-09,EUR,49.9921
2025-04-09,UAH,1.0
2025-04-10,USD,45.0
2025-04-10,EUR,49.9425
2025-04-10,UAH,1.0
2025-04-11,USD,44.968
2025-04-11,EUR,50.0
2025-04-11,UAH,1.0
2025-04-12,USD,44.9384
2025-04-12,EUR,50.0
2025-04-12,UAH,1.0
2025-04-13,USD,45.0
2025-04-13,EUR,50.0
2025-04-13,UAH,1.0
2025-04-14,USD,45.0
2025-04-14,EUR,50.0
2025-04-14,UAH,1.0
2025-04-15,USD,44.9993
2025-04-15,EUR,50.0
2025-04-15,UAH,1.0
2025-04-16,USD,44.9919
2025-04-16,EUR,50.0
2025-04-16,UAH,1.0
2025-04-17,USD,45.0
2025-04-17,EUR,49.9598
2025-04-17,UAH,1.0
2025-04-18,USD,44.9502
2025-04-18,EUR,49.9708
2025-04-18,UAH,1.0
2025-04-19,USD,44.9459
2025-04-19,EUR,49.9968
2025-04-19,UAH,1.0
2025-04-20,USD,44.886
2025-04-20,EUR,50.0
2025-04-20,UAH,1.0
2025-04-21,USD,44.976
2025-04-21,EUR,50.0
2025-04-21,UAH,1.0
2025-04-22,USD,44.9947
2025-04-22,EUR,49.9379
2025-04-22,UAH,1.0
2025-04-23,USD,45.0
2025-04-23,EUR,50.0
2025-04-23,UAH,1.0
2025-04-24,USD,45.0
2025-04-24,EUR,50.0
2025-04-24,UAH,1.0
2025-04-25,USD,44.9828
2025-04-25,EUR,49.9941
2025-04-25,UAH,1.0
2025-04-26,USD,44.9597
2025-04-26,EUR,50.0
2025-04-26,UAH,1.0
2025-04-27,USD,45.0
2025-04-27,EUR,50.0
2025-04-27,UAH,1.0
2025-04-28,USD,45.0
2025-04-28,EUR,49.9447
2025-04-28,UAH,1.0
2025-04-29,USD,44.9694
2025-04-29,EUR,49.8779
2025-04-29,UAH,1.0
2025-04-30,USD,44.9827
2025-04-30,EUR,49.843
2025-04-30,UAH,1.0
2025-05-01,USD,44.9937
2025-05-01,EUR,49.9425
2025-05-01,UAH,1.0
2025-05-02,USD,45.0
2025-05-02,EUR,49.9327
2025-05-02,UAH,1.0
2025-05-03,USD,44.9804
2025-05-03,EUR,49.8881
2025-05-03,UAH,1.0
2025-05-04,USD,44.9441
2025-05-04,EUR,49.8866
2025-05-04,UAH,1.0
2025-05-05,USD,44.9462
2025-05-05,EUR,49.8966
2025-05-05,UAH,1.0
2025-05-06,USD,45.0
2025-05-06,EUR,49.8485
2025-05-06,UAH,1.0
2025-05-07,USD,45.0
2025-05-07,EUR,49.9454
2025-05-07,UAH,1.0
2025-05-08,USD,45.0
2025-05-08,EUR,50.0
2025-05-08,UAH,1.0
2025-05-09,USD,45.0
2025-05-09,EUR,49.9732
2025-05-09,UAH,1.0
2025-05-10,USD,45.0
2025-05-10,EUR,50.0
2025-05-10,UAH,1.0
2025-05-11,USD,44.9851
2025-05-11,EUR,50.0
2025-05-11,UAH,1.0
2025-05-12,USD,44.9932
2025-05-12,EUR,49.9887
2025-05-12,UAH,1.0
2025-05-13,USD,45.0
2025-05-13,EUR,50.0
2025-05-13,UAH,1.0
2025-05-14,USD,44.9723
2025-05-14,EUR,50.0
2025-05-14,UAH,1.0
2025-05-15,USD,45.0
2025-05-15,EUR,50.0
2025-05-15,UAH,1.0
2025-05-16,USD,45.0
2025-05-16,EUR,50.0
2025-05-16,UAH,1.0
2025-05-17,USD,45.0
2025-05-17,EUR,50.0
2025-05-17,UAH,1.0
2025-05-18,USD,45.0
2025-05-18,EUR,50.0
2025-05-18,UAH,1.0
2025-05-19,USD,44.9866
2025-05-19,EUR,49.9921
2025-05-19,UAH,1.0
2025-05-20,USD,44.9422
2025-05-20,EUR,49.9343
2025-05-20,UAH,1.0
2025-05-21,USD,45.0
2025-05-21,EUR,49.9192
2025-05-21,UAH,1.0
2025-05-22,USD,45.0
2025-05-22,EUR,49.9118
2025-05-22,UAH,1.0
2025-05-23,USD,44.9467
2025-05-23,EUR,49.9978
2025-05-23,UAH,1.0
2025-05-24,USD,44.995
2025-05-24,EUR,49.9721
2025-05-24,UAH,1.0
2025-05-25,USD,45.0
2025-05-25,EUR,50.0
2025-05-25,UAH,1.0
2025-05-26,USD,45.0
2025-05-26,EUR,50.0
2025-05-26,UAH,1.0
2025-05-27,USD,45.0
2025-05-27,EUR,50.0
2025-05-27,UAH,1.0
2025-05-28,USD,45.0
2025-05-28,EUR,50.0
2025-05-28,UAH,1.0
2025-05-29,USD,45.0
2025-05-29,EUR,49.9486
2025-05-29,UAH,1.0
2025-05-30,USD,45.0
2025-05-30,EUR,50.0
2025-05-30,UAH,1.0
2025-05-31,USD,45.0
2025-05-31,EUR,50.0
2025-05-31,UAH,1.0
2025-06-01,USD,44.9714
2025-06-01,EUR,50.0
2025-06-01,UAH,1.0
2025-06-02,USD,44.9354
2025-06-02,EUR,49.9966
2025-06-02,UAH,1.0
2025-06-03,USD,44.9956
2025-06-03,EUR,49.9314
2025-06-03,UAH,1.0
2025-06-04,USD,45.0
2025-06-04,EUR,49.9612
2025-06-04,UAH,1.0
2025-06-05,USD,44.964
2025-06-05,EUR,49.9669
2025-06-05,UAH,1.0
2025-06-06,USD,44.9804
2025-06-06,EUR,49.9383
2025-06-06,UAH,1.0
2025-06-07,USD,45.0
2025-06-07,EUR,49.9383
2025-06-07,UAH,1.0
2025-06-08,USD,44.9729
2025-06-08,EUR,49.9601
2025-06-08,UAH,1.0
2025-06-09,USD,44.9931
2025-06-09,EUR,49.9969
2025-06-09,UAH,1.0
2025-06-10,USD,45.0
2025-06-10,EUR,49.9788
2025-06-10,UAH,1.0
2025-06-11,USD,44.9703
2025-06-11,EUR,49.9427
2025-06-11,UAH,1.0
2025-06-12,USD,45.0
2025-06-12,EUR,50.0
2025-06-12,UAH,1.0
2025-06-13,USD,44.946
2025-06-13,EUR,50.0
2025-06-13,UAH,1.0
2025-06-14,USD,45.0
2025-06-14,EUR,50.0
2025-06-14,UAH,1.0
2025-06-15,USD,45.0
2025-06-15,EUR,50.0
2025-06-15,UAH,1.0
2025-06-16,USD,45.0
2025-06-16,EUR,49.9768
2025-06-16,UAH,1.0
2025-06-17,USD,45.0
2025-06-17,EUR,49.9792
2025-06-17,UAH,1.0
2025-06-18,USD,44.9927
2025-06-18,EUR,50.0
2025-06-18,UAH,1.0
2025-06-19,USD,44.9657
2025-06-19,EUR,50.0
2025-06-19,UAH,1.0
2025-06-20,USD,44.9066
2025-06-20,EUR,50.0
2025-06-20,UAH,1.0
2025-06-21,USD,44.8567
2025-06-21,EUR,50.0
2025-06-21,UAH,1.0
2025-06-22,USD,44.853
2025-06-22,EUR,50.0
2025-06-22,UAH,1.0
2025-06-23,USD,44.9267
2025-06-23,EUR,49.9911
2025-06-23,UAH,1.0
2025-06-24,USD,44.9811
2025-06-24,EUR,49.9815
2025-06-24,UAH,1.0
2025-06-25,USD,45.0
2025-06-25,EUR,50.0
2025-06-25,UAH,1.0
2025-06-26,USD,44.9658
2025-06-26,EUR,49.9514
2025-06-26,UAH,1.0
2025-06-27,USD,44.9341
2025-06-27,EUR,50.0
2025-06-27,UAH,1.0
2025-06-28,USD,44.9061
2025-06-28,EUR,49.9495
2025-06-28,UAH,1.0
2025-06-29,USD,44.9184
2025-06-29,EUR,49.9722
2025-06-29,UAH,1.0
2025-06-30,USD,44.9115
2025-06-30,EUR,49.939
2025-06-30,UAH,1.0
2025-07-01,USD,44.901
2025-07-01,EUR,50.0
2025-07-01,UAH,1.0
2025-07-02,USD,44.9003
2025-07-02,EUR,49.9967
2025-07-02,UAH,1.0
2025-07-03,USD,44.9763
2025-07-03,EUR,49.9983
2025-07-03,UAH,1.0
2025-07-04,USD,44.9837
2025-07-04,EUR,49.958
2025-07-04,UAH,1.0
2025-07-05,USD,44.9879
2025-07-05,EUR,49.9877
2025-07-05,UAH,1.0
2025-07-06,USD,44.9405
2025-07-06,EUR,50.0
2025-07-06,UAH,1.0
2025-07-07,USD,45.0
2025-07-07,EUR,49.9523
2025-07-07,UAH,1.0
2025-07-08,USD,45.0
2025-07-08,EUR,50.0
2025-07-08,UAH,1.0
2025-07-09,USD,45.0
2025-07-09,EUR,49.9951
2025-07-09,UAH,1.0
2025-07-10,USD,45.0
2025-07-10,EUR,49.976
2025-07-10,UAH,1.0
2025-07-11,USD,44.9506
2025-07-11,EUR,50.0
2025-07-11,UAH,1.0
2025-07-12,USD,44.9704
2025-07-12,EUR,50.0
2025-07-12,UAH,1.0
2025-07-13,USD,45.0
2025-07-13,EUR,49.9612
2025-07-13,UAH,1.0
2025-07-14,USD,45.0
2025-07-14,EUR,49.9316
2025-07-14,UAH,1.0
2025-07-15,USD,45.0
2025-07-15,EUR,50.0
2025-07-15,UAH,1.0
2025-07-16,USD,45.0
2025-07-16,EUR,49.9458
2025-07-16,UAH,1.0
2025-07-17,USD,45.0
2025-07-17,EUR,49.9852
2025-07-17,UAH,1.0
2025-07-18,USD,44.9793
2025-07-18,EUR,49.9343
2025-07-18,UAH,1.0
2025-07-19,USD,44.9332
2025-07-19,EUR,49.8652
2025-07-19,UAH,1.0
2025-07-20,USD,45.0
2025-07-20,EUR,49.9549
2025-07-20,UAH,1.0
2025-07-21,USD,45.0
2025-07-21,EUR,50.0
2025-07-21,UAH,1.0
2025-07-22,USD,44.9939
2025-07-22,EUR,50.0
2025-07-22,UAH,1.0
2025-07-23,USD,44.9588
2025-07-23,EUR,49.9745
2025-07-23,UAH,1.0
2025-07-24,USD,44.9593
2025-07-24,EUR,49.9085
2025-07-24,UAH,1.0
2025-07-25,USD,45.0
2025-07-25,EUR,49.8771
2025-07-25,UAH,1.0
2025-07-26,USD,44.9685
2025-07-26,EUR,49.9076
2025-07-26,UAH,1.0
2025-07-27,USD,44.9594
2025-07-27,EUR,49.8853
2025-07-27,UAH,1.0
2025-07-28,USD,44.989
2025-07-28,EUR,49.8291
2025-07-28,UAH,1.0
2025-07-29,USD,45.0
2025-07-29,EUR,49.8232
2025-07-29,UAH,1.0
2025-07-30,USD,45.0
2025-07-30,EUR,49.9084
2025-07-30,UAH,1.0
2025-07-31,USD,44.9873
2025-07-31,EUR,49.8683
2025-07-31,UAH,1.0
2025-08-01,USD,45.0
2025-08-01,EUR,49.9584
2025-08-01,UAH,1.0
2025-08-02,USD,44.9781
2025-08-02,EUR,49.9193
2025-08-02,UAH,1.0
2025-08-03,USD,44.9979
2025-08-03,EUR,49.995
2025-08-03,UAH,1.0
2025-08-04,USD,44.998
2025-08-04,EUR,49.9894
2025-08-04,UAH,1.0
2025-08-05,USD,45.0
2025-08-05,EUR,50.0
2025-08-05,UAH,1.0
2025-08-06,USD,44.9533
2025-08-06,EUR,50.0
2025-08-06,UAH,1.0
2025-08-07,USD,44.9632
2025-08-07,EUR,49.9323
2025-08-07,UAH,1.0
2025-08-08,USD,44.9975
2025-08-08,EUR,49.8773
2025-08-08,UAH,1.0
2025-08-09,USD,45.0
2025-08-09,EUR,49.8844
2025-08-09,UAH,1.0
2025-08-10,USD,44.949
2025-08-10,EUR,49.9149
2025-08-10,UAH,1.0
2025-08-11,USD,44.9333
2025-08-11,EUR,49.9264
2025-08-11,UAH,1.0
2025-08-12,USD,44.9007
2025-08-12,EUR,49.9516
2025-08-12,UAH,1.0
2025-08-13,USD,44.9297
2025-08-13,EUR,50.0
2025-08-13,UAH,1.0
2025-08-14,USD,44.9135
2025-08-14,EUR,50.0
2025-08-14,UAH,1.0
2025-08-15,USD,44.979
2025-08-15,EUR,49.9947
2025-08-15,UAH,1.0
2025-08-16,USD,44.9377
2025-08-16,EUR,50.0
2025-08-16,UAH,1.0
2025-08-17,USD,44.957
2025-08-17,EUR,50.0
2025-08-17,UAH,1.0
2025-08-18,USD,45.0
2025-08-18,EUR,50.0
2025-08-18,UAH,1.0
2025-08-19,USD,45.0
2025-08-19,EUR,50.0
2025-08-19,UAH,1.0
2025-08-20,USD,45.0
2025-08-20,EUR,50.0
2025-08-20,UAH,1.0
2025-08-21,USD,45.0
2025-08-21,EUR,50.0
2025-08-21,UAH,1.0
2025-08-22,USD,45.0
2025-08-22,EUR,49.9319
2025-08-22,UAH,1.0
2025-08-23,USD,45.0
2025-08-23,EUR,49.9888
2025-08-23,UAH,1.0
2025-08-24,USD,44.991
2025-08-24,EUR,50.0
2025-08-24,UAH,1.0
2025-08-25,USD,44.9965
2025-08-25,EUR,50.0
2025-08-25,UAH,1.0
2025-08-26,USD,44.9804
2025-08-26,EUR,50.0
2025-08-26,UAH,1.0
2025-08-27,USD,45.0
2025-08-27,EUR,49.9419
2025-08-27,UAH,1.0
2025-08-28,USD,45.0
2025-08-28,EUR,49.8748
2025-08-28,UAH,1.0
2025-08-29,USD,45.0
2025-08-29,EUR,49.8533
2025-08-29,UAH,1.0
2025-08-30,USD,45.0
2025-08-30,EUR,49.9173
2025-08-30,UAH,1.0
2025-08-31,USD,45.0
2025-08-31,EUR,50.0
2025-08-31,UAH,1.0
2025-09-01,USD,45.0
2025-09-01,EUR,49.9371
2025-09-01,UAH,1.0
2025-09-02,USD,45.0
2025-09-02,EUR,49.9335
2025-09-02,UAH,1.0
2025-09-03,USD,45.0
2025-09-03,EUR,49.9547
2025-09-03,UAH,1.0
2025-09-04,USD,44.9719
2025-09-04,EUR,50.0
2025-09-04,UAH,1.0
2025-09-05,USD,45.0
2025-09-05,EUR,50.0
2025-09-05,UAH,1.0
2025-09-06,USD,44.9989
2025-09-06,EUR,49.9625
2025-09-06,UAH,1.0
2025-09-07,USD,44.9634
2025-09-07,EUR,50.0
2025-09-07,UAH,1.0
2025-09-08,USD,44.9859
2025-09-08,EUR,49.9318
2025-09-08,UAH,1.0
2025-09-09,USD,45.0
2025-09-09,EUR,49.9654
2025-09-09,UAH,1.0
2025-09-10,USD,45.0
2025-09-10,EUR,49.9529
2025-09-10,UAH,1.0
2025-09-11,USD,45.0
2025-09-11,EUR,49.9202
2025-09-11,UAH,1.0
2025-09-12,USD,45.0
2025-09-12,EUR,49.8911
2025-09-12,UAH,1.0
2025-09-13,USD,44.9851
2025-09-13,EUR,49.9254
2025-09-13,UAH,1.0
2025-09-14,USD,44.9293
2025-09-14,EUR,49.969
2025-09-14,UAH,1.0
2025-09-15,USD,44.8873
2025-09-15,EUR,49.9991
2025-09-15,UAH,1.0
2025-09-16,USD,44.8578
2025-09-16,EUR,50.0
2025-09-16,UAH,1.0
2025-09-17,USD,44.8209
2025-09-17,EUR,49.9966
2025-09-17,UAH,1.0
2025-09-18,USD,44.7768
2025-09-18,EUR,49.9816
2025-09-18,UAH,1.0
2025-09-19,USD,44.7985
2025-09-19,EUR,49.9533
2025-09-19,UAH,1.0
2025-09-20,USD,44.8258
2025-09-20,EUR,49.9161
2025-09-20,UAH,1.0
2025-09-21,USD,44.8361
2025-09-21,EUR,49.8551
2025-09-21,UAH,1.0
2025-09-22,USD,44.8132
2025-09-22,EUR,49.918
2025-09-22,UAH,1.0
2025-09-23,USD,44.7841
2025-09-23,EUR,49.8544
2025-09-23,UAH,1.0
2025-09-24,USD,44.7908
2025-09-24,EUR,49.9259
2025-09-24,UAH,1.0
2025-09-25,USD,44.8573
2025-09-25,EUR,49.9677
2025-09-25,UAH,1.0
2025-09-26,USD,44.8677
2025-09-26,EUR,50.0
2025-09-26,UAH,1.0
2025-09-27,USD,44.8603
2025-09-27,EUR,50.0
2025-09-27,UAH,1.0
2025-09-28,USD,44.8617
2025-09-28,EUR,49.981
2025-09-28,UAH,1.0
2025-09-29,USD,44.8734
2025-09-29,EUR,50.0
2025-09-29,UAH,1.0
2025-09-30,USD,44.9615
2025-09-30,EUR,49.9632
2025-09-30,UAH,1.0
2025-10-01,USD,44.9027
2025-10-01,EUR,49.9781
2025-10-01,UAH,1.0
2025-10-02,USD,44.8963
2025-10-02,EUR,49.9308
2025-10-02,UAH,1.0
2025-10-03,USD,44.8547
2025-10-03,EUR,49.9707
2025-10-03,UAH,1.0
2025-10-04,USD,44.9306
2025-10-04,EUR,50.0
2025-10-04,UAH,1.0
2025-10-05,USD,44.8887
2025-10-05,EUR,50.0
2025-10-05,UAH,1.0
2025-10-06,USD,44.9384
2025-10-06,EUR,50.0
2025-10-06,UAH,1.0
2025-10-07,USD,44.9641
2025-10-07,EUR,50.0
2025-10-07,UAH,1.0
2025-10-08,USD,44.9975
2025-10-08,EUR,50.0
2025-10-08,UAH,1.0
2025-10-09,USD,44.9569
2025-10-09,EUR,50.0
2025-10-09,UAH,1.0
2025-10-10,USD,44.9825
2025-10-10,EUR,50.0
2025-10-10,UAH,1.0
2025-10-11,USD,44.9532
2025-10-11,EUR,50.0
2025-10-11,UAH,1.0
2025-10-12,USD,44.933
2025-10-12,EUR,50.0
2025-10-12,UAH,1.0
2025-10-13,USD,44.9563
2025-10-13,EUR,50.0
2025-10-13,UAH,1.0
2025-10-14,USD,44.9271
2025-10-14,EUR,49.965
2025-10-14,UAH,1.0
2025-10-15,USD,45.0
2025-10-15,EUR,50.0
2025-10-15,UAH,1.0
2025-10-16,USD,45.0
2025-10-16,EUR,49.9473
2025-10-16,UAH,1.0
2025-10-17,USD,45.0
2025-10-17,EUR,49.9999
2025-10-17,UAH,1.0
2025-10-18,USD,45.0
2025-10-18,EUR,50.0
2025-10-18,UAH,1.0
2025-10-19,USD,45.0
2025-10-19,EUR,50.0
2025-10-19,UAH,1.0
2025-10-20,USD,44.9506
2025-10-20,EUR,50.0
2025-10-20,UAH,1.0
2025-10-21,USD,44.9534
2025-10-21,EUR,50.0
2025-10-21,UAH,1.0
2025-10-22,USD,44.9771
2025-10-22,EUR,49.9486
2025-10-22,UAH,1.0
2025-10-23,USD,45.0
2025-10-23,EUR,50.0
2025-10-23,UAH,1.0
2025-10-24,USD,44.9596
2025-10-24,EUR,50.0
2025-10-24,UAH,1.0
2025-10-25,USD,44.9312
2025-10-25,EUR,50.0
2025-10-25,UAH,1.0
2025-10-26,USD,44.9292
2025-10-26,EUR,50.0
2025-10-26,UAH,1.0
2025-10-27,USD,45.0
2025-10-27,EUR,49.9942
2025-10-27,UAH,1.0
2025-10-28,USD,44.9736
2025-10-28,EUR,49.9886
2025-10-28,UAH,1.0
2025-10-29,USD,44.9834
2025-10-29,EUR,50.0
2025-10-29,UAH,1.0
2025-10-30,USD,44.9408
2025-10-30,EUR,49.9981
2025-10-30,UAH,1.0
2025-10-31,USD,45.0
2025-10-31,EUR,49.981
2025-10-31,UAH,1.0
2025-11-01,USD,45.0
2025-11-01,EUR,49.97
2025-11-01,UAH,1.0
2025-11-02,USD,45.0
2025-11-02,EUR,50.0
2025-11-02,UAH,1.0
2025-11-03,USD,45.0
2025-11-03,EUR,50.0
2025-11-03,UAH,1.0
2025-11-04,USD,45.0
2025-11-04,EUR,50.0
2025-11-04,UAH,1.0
2025-11-05,USD,45.0
2025-11-05,EUR,49.9597
2025-11-05,UAH,1.0
2025-11-06,USD,45.0
2025-11-06,EUR,50.0
2025-11-06,UAH,1.0
2025-11-07,USD,44.9814
2025-11-07,EUR,49.9801
2025-11-07,UAH,1.0
2025-11-08,USD,44.9746
2025-11-08,EUR,50.0
2025-11-08,UAH,1.0
2025-11-09,USD,44.9968
2025-11-09,EUR,50.0
2025-11-09,UAH,1.0
2025-11-10,USD,45.0
2025-11-10,EUR,50.0
2025-11-10,UAH,1.0
2025-11-11,USD,45.0
2025-11-11,EUR,49.9892
2025-11-11,UAH,1.0
2025-11-12,USD,45.0
2025-11-12,EUR,50.0
2025-11-12,UAH,1.0
2025-11-13,USD,45.0
2025-11-13,EUR,50.0
2025-11-13,UAH,1.0
2025-11-14,USD,45.0
2025-11-14,EUR,50.0
2025-11-14,UAH,1.0
2025-11-15,USD,44.95
2025-11-15,EUR,49.9481
2025-11-15,UAH,1.0
2025-11-16,USD,44.9646
2025-11-16,EUR,49.9708
2025-11-16,UAH,1.0
2025-11-17,USD,44.9217
2025-11-17,EUR,50.0
2025-11-17,UAH,1.0
2025-11-18,USD,44.9131
2025-11-18,EUR,49.9439
2025-11-18,UAH,1.0
2025-11-19,USD,44.9644
2025-11-19,EUR,50.0
2025-11-19,UAH,1.0
2025-11-20,USD,45.0
2025-11-20,EUR,50.0
2025-11-20,UAH,1.0
2025-11-21,USD,45.0
2025-11-21,EUR,49.9641
2025-11-21,UAH,1.0
2025-11-22,USD,45.0
2025-11-22,EUR,49.9453
2025-11-22,UAH,1.0
2025-11-23,USD,45.0
2025-11-23,EUR,49.9196
2025-11-23,UAH,1.0
2025-11-24,USD,44.9888
2025-11-24,EUR,49.8517
2025-11-24,UAH,1.0
2025-11-25,USD,45.0
2025-11-25,EUR,49.8179
2025-11-25,UAH,1.0
2025-11-26,USD,45.0
2025-11-26,EUR,49.8983
2025-11-26,UAH,1.0
2025-11-27,USD,44.945
2025-11-27,EUR,49.9656
2025-11-27,UAH,1.0
2025-11-28,USD,45.0
2025-11-28,EUR,49.9844
2025-11-28,UAH,1.0
2025-11-29,USD,44.96
2025-11-29,EUR,50.0
2025-11-29,UAH,1.0
2025-11-30,USD,44.9421
2025-11-30,EUR,50.0
2025-11-30,UAH,1.0
2025-12-01,USD,44.965
2025-12-01,EUR,49.9618
2025-12-01,UAH,1.0
2025-12-02,USD,45.0
2025-12-02,EUR,50.0
2025-12-02,UAH,1.0
2025-12-03,USD,45.0
2025-12-03,EUR,49.9797
2025-12-03,UAH,1.0
2025-12-04,USD,44.9759
2025-12-04,EUR,49.9577
2025-12-04,UAH,1.0
2025-12-05,USD,44.9264
2025-12-05,EUR,50.0
2025-12-05,UAH,1.0
2025-12-06,USD,44.9896
2025-12-06,EUR,50.0
2025-12-06,UAH,1.0
2025-12-07,USD,44.9746
2025-12-07,EUR,49.9909
2025-12-07,UAH,1.0
2025-12-08,USD,44.9467
2025-12-08,EUR,49.9583
2025-12-08,UAH,1.0
2025-12-09,USD,45.0
2025-12-09,EUR,49.9738
2025-12-09,UAH,1.0
2025-12-10,USD,44.9671
2025-12-10,EUR,49.9374
2025-12-10,UAH,1.0
2025-12-11,USD,44.9515
2025-12-11,EUR,49.909
2025-12-11,UAH,1.0
2025-12-12,USD,45.0
2025-12-12,EUR,49.9101
2025-12-12,UAH,1.0
2025-12-13,USD,45.0
2025-12-13,EUR,49.8903
2025-12-13,UAH,1.0
2025-12-14,USD,44.9922
2025-12-14,EUR,49.9751
2025-12-14,UAH,1.0
2025-12-15,USD,44.9518
2025-12-15,EUR,49.9489
2025-12-15,UAH,1.0
2025-12-16,USD,45.0
2025-12-16,EUR,50.0
2025-12-16,UAH,1.0
2025-12-17,USD,44.9872
2025-12-17,EUR,50.0
2025-12-17,UAH,1.0
2025-12-18,USD,45.0
2025-12-18,EUR,49.93
2025-12-18,UAH,1.0
2025-12-19,USD,45.0
2025-12-19,EUR,49.9522
2025-12-19,UAH,1.0
2025-12-20,USD,45.0
2025-12-20,EUR,50.0
2025-12-20,UAH,1.0
2025-12-21,USD,44.9837
2025-12-21,EUR,50.0
2025-12-21,UAH,1.0
2025-12-22,USD,44.9276
2025-12-22,EUR,50.0
2025-12-22,UAH,1.0
2025-12-23,USD,45.0
2025-12-23,EUR,50.0
2025-12-23,UAH,1.0
2025-12-24,USD,44.9541
2025-12-24,EUR,50.0
2025-12-24,UAH,1.0
2025-12-25,USD,45.0
2025-12-25,EUR,49.9305
2025-12-25,UAH,1.0
2025-12-26,USD,45.0
2025-12-26,EUR,49.9649
2025-12-26,UAH,1.0
2025-12-27,USD,45.0
2025-12-27,EUR,49.9794
2025-12-27,UAH,1.0
2025-12-28,USD,45.0
2025-12-28,EUR,50.0
2025-12-28,UAH,1.0
2025-12-29,USD,45.0
2025-12-29,EUR,49.9918
2025-12-29,UAH,1.0
2025-12-30,USD,44.9768
2025-12-30,EUR,49.9453
2025-12-30,UAH,1.0
2025-12-31,USD,45.0
2025-12-31,EUR,49.9635
2025-12-31,UAH,1.0
2026-01-01,USD,45.0
2026-01-01,EUR,49.9319
2026-01-01,UAH,1.0
2026-01-02,USD,45.0
2026-01-02,EUR,49.8623
2026-01-02,UAH,1.0
2026-01-03,USD,45.0
2026-01-03,EUR,49.9466
2026-01-03,UAH,1.0
2026-01-04,USD,45.0
2026-01-04,EUR,49.9321
2026-01-04,UAH,1.0
2026-01-05,USD,44.999
2026-01-05,EUR,49.8992
2026-01-05,UAH,1.0
2026-01-06,USD,45.0
2026-01-06,EUR,49.9337
2026-01-06,UAH,1.0
2026-01-07,USD,45.0
2026-01-07,EUR,50.0
2026-01-07,UAH,1.0
2026-01-08,USD,44.9794
2026-01-08,EUR,49.982
2026-01-08,UAH,1.0
2026-01-09,USD,44.92
2026-01-09,EUR,49.9469
2026-01-09,UAH,1.0
2026-01-10,USD,44.8712
2026-01-10,EUR,49.9635
2026-01-10,UAH,1.0
2026-01-11,USD,44.9232
2026-01-11,EUR,50.0
2026-01-11,UAH,1.0
2026-01-12,USD,44.9575
2026-01-12,EUR,50.0
2026-01-12,UAH,1.0
2026-01-13,USD,45.0
2026-01-13,EUR,50.0
2026-01-13,UAH,1.0
2026-01-14,USD,44.9802
2026-01-14,EUR,49.951
2026-01-14,UAH,1.0
2026-01-15,USD,44.9448
2026-01-15,EUR,49.9951
2026-01-15,UAH,1.0
2026-01-16,USD,45.0
2026-01-16,EUR,50.0
2026-01-16,UAH,1.0
2026-01-17,USD,45.0
2026-01-17,EUR,50.0
2026-01-17,UAH,1.0
2026-01-18,USD,44.9521
2026-01-18,EUR,50.0
2026-01-18,UAH,1.0
2026-01-19,USD,44.9666
2026-01-19,EUR,50.0
2026-01-19,UAH,1.0
2026-01-20,USD,44.9997
2026-01-20,EUR,49.9666
2026-01-20,UAH,1.0
2026-01-21,USD,45.0
2026-01-21,EUR,49.912
2026-01-21,UAH,1.0
2026-01-22,USD,45.0
2026-01-22,EUR,49.8831
2026-01-22,UAH,1.0
2026-01-23,USD,45.0
2026-01-23,EUR,49.8234
2026-01-23,UAH,1.0
2026-01-24,USD,44.9797
2026-01-24,EUR,49.812
2026-01-24,UAH,1.0
2026-01-25,USD,44.9522
2026-01-25,EUR,49.8869
2026-01-25,UAH,1.0
2026-01-26,USD,45.0
2026-01-26,EUR,49.9601
2026-01-26,UAH,1.0
2026-01-27,USD,45.0
2026-01-27,EUR,49.9301
2026-01-27,UAH,1.0
2026-01-28,USD,44.9884
2026-01-28,EUR,49.8624
2026-01-28,UAH,1.0
2026-01-29,USD,45.0
2026-01-29,EUR,49.9433
2026-01-29,UAH,1.0
2026-01-30,USD,44.9628
2026-01-30,EUR,49.9351
2026-01-30,UAH,1.0
2026-01-31,USD,44.9501
2026-01-31,EUR,50.0
2026-01-31,UAH,1.0
2026-02-01,USD,44.9962
2026-02-01,EUR,50.0
2026-02-01,UAH,1.0
2026-02-02,USD,45.0
2026-02-02,EUR,50.0
2026-02-02,UAH,1.0
2026-02-03,USD,44.9875
2026-02-03,EUR,49.9991
2026-02-03,UAH,1.0
2026-02-04,USD,44.9914
2026-02-04,EUR,50.0
2026-02-04,UAH,1.0
2026-02-05,USD,45.0
2026-02-05,EUR,50.0
2026-02-05,UAH,1.0
2026-02-06,USD,44.9611
2026-02-06,EUR,50.0
2026-02-06,UAH,1.0
2026-02-07,USD,44.9149
2026-02-07,EUR,49.9648
2026-02-07,UAH,1.0
2026-02-08,USD,44.8656
2026-02-08,EUR,49.9069
2026-02-08,UAH,1.0
2026-02-09,USD,44.9435
2026-02-09,EUR,49.941
2026-02-09,UAH,1.0
2026-02-10,USD,44.921
2026-02-10,EUR,49.9071
2026-02-10,UAH,1.0
2026-02-11,USD,44.8669
2026-02-11,EUR,49.974
2026-02-11,UAH,1.0
2026-02-12,USD,44.9521
2026-02-12,EUR,50.0
2026-02-12,UAH,1.0
2026-02-13,USD,45.0
2026-02-13,EUR,49.9745
2026-02-13,UAH,1.0
2026-02-14,USD,45.0
2026-02-14,EUR,49.9428
2026-02-14,UAH,1.0
2026-02-15,USD,45.0
2026-02-15,EUR,49.9192
2026-02-15,UAH,1.0
2026-02-16,USD,44.9457
2026-02-16,EUR,49.8747
2026-02-16,UAH,1.0
2026-02-17,USD,44.9498
2026-02-17,EUR,49.9416
2026-02-17,UAH,1.0
2026-02-18,USD,44.9723
2026-02-18,EUR,49.9644
2026-02-18,UAH,1.0
2026-02-19,USD,45.0
2026-02-19,EUR,50.0
2026-02-19,UAH,1.0
2026-02-20,USD,44.9468
2026-02-20,EUR,50.0
2026-02-20,UAH,1.0
2026-02-21,USD,45.0
2026-02-21,EUR,50.0
2026-02-21,UAH,1.0
2026-02-22,USD,45.0
2026-02-22,EUR,49.9964
2026-02-22,UAH,1.0
2026-02-23,USD,44.9968
2026-02-23,EUR,49.9548
2026-02-23,UAH,1.0
2026-02-24,USD,45.0
2026-02-24,EUR,49.9424
2026-02-24,UAH,1.0
2026-02-25,USD,45.0
2026-02-25,EUR,49.9132
2026-02-25,UAH,1.0
2026-02-26,USD,45.0
2026-02-26,EUR,49.8643
2026-02-26,UAH,1.0
2026-02-27,USD,45.0
2026-02-27,EUR,49.8997
2026-02-27,UAH,1.0
2026-02-28,USD,44.9968
2026-02-28,EUR,49.8892
2026-02-28,UAH,1.0
2026-03-01,USD,44.9385
2026-03-01,EUR,49.8238
2026-03-01,UAH,1.0
2026-03-02,USD,44.9024
2026-03-02,EUR,49.7926
2026-03-02,UAH,1.0
2026-03-03,USD,44.8681
2026-03-03,EUR,49.8848
2026-03-03,UAH,1.0
2026-03-04,USD,44.8286
2026-03-04,EUR,49.8223
2026-03-04,UAH,1.0
2026-03-05,USD,44.8231
2026-03-05,EUR,49.8676
2026-03-05,UAH,1.0
2026-03-06,USD,44.7892
2026-03-06,EUR,49.932
2026-03-06,UAH,1.0
2026-03-07,USD,44.8315
2026-03-07,EUR,49.8841
2026-03-07,UAH,1.0
2026-03-08,USD,44.8789
2026-03-08,EUR,49.9817
2026-03-08,UAH,1.0
2026-03-09,USD,44.967
2026-03-09,EUR,49.9574
2026-03-09,UAH,1.0
2026-03-10,USD,44.9344
2026-03-10,EUR,49.8918
2026-03-10,UAH,1.0
2026-03-11,USD,45.0
2026-03-11,EUR,49.9465
2026-03-11,UAH,1.0
2026-03-12,USD,44.9594
2026-03-12,EUR,50.0
2026-03-12,UAH,1.0
2026-03-13,USD,44.9702
2026-03-13,EUR,50.0
2026-03-13,UAH,1.0
2026-03-14,USD,45.0
2026-03-14,EUR,49.9693
2026-03-14,UAH,1.0
2026-03-15,USD,44.9998
2026-03-15,EUR,49.9459
2026-03-15,UAH,1.0
2026-03-16,USD,45.0
2026-03-16,EUR,49.8921
2026-03-16,UAH,1.0
2026-03-17,USD,44.9799
2026-03-17,EUR,49.9371
2026-03-17,UAH,1.0
2026-03-18,USD,45.0
2026-03-18,EUR,49.9701
2026-03-18,UAH,1.0
2026-03-19,USD,45.0
2026-03-19,EUR,50.0
2026-03-19,UAH,1.0
2026-03-20,USD,45.0
2026-03-20,EUR,50.0
2026-03-20,UAH,1.0
2026-03-21,USD,45.0
2026-03-21,EUR,50.0
2026-03-21,UAH,1.0
2026-03-22,USD,44.9692
2026-03-22,EUR,50.0
2026-03-22,UAH,1.0
2026-03-23,USD,45.0
2026-03-23,EUR,50.0
2026-03-23,UAH,1.0
2026-03-24,USD,44.9505
2026-03-24,EUR,50.0
2026-03-24,UAH,1.0
2026-03-25,USD,44.9789
2026-03-25,EUR,50.0
2026-03-25,UAH,1.0
2026-03-26,USD,45.0
2026-03-26,EUR,50.0
2026-03-26,UAH,1.0
2026-03-27,USD,44.9901
2026-03-27,EUR,50.0
2026-03-27,UAH,1.0
2026-03-28,USD,45.0
2026-03-28,EUR,50.0
2026-03-28,UAH,1.0
2026-03-29,USD,45.0
2026-03-29,EUR,50.0
2026-03-29,UAH,1.0
2026-03-30,USD,45.0
2026-03-30,EUR,50.0
2026-03-30,UAH,1.0
2026-03-31,USD,45.0
2026-03-31,EUR,50.0
2026-03-31,UAH,1.0
2026-04-01,USD,45.0
2026-04-01,EUR,50.0
2026-04-01,UAH,1.0
2026-04-02,USD,45.0
2026-04-02,EUR,49.9548
2026-04-02,UAH,1.0
2026-04-03,USD,45.0
2026-04-03,EUR,49.9459
2026-04-03,UAH,1.0
2026-04-04,USD,45.0
2026-04-04,EUR,49.9888
2026-04-04,UAH,1.0
2026-04-05,USD,45.0
2026-04-05,EUR,50.0
2026-04-05,UAH,1.0
2026-04-06,USD,45.0
2026-04-06,EUR,50.0
2026-04-06,UAH,1.0
2026-04-07,USD,45.0
2026-04-07,EUR,49.9882
2026-04-07,UAH,1.0
2026-04-08,USD,45.0
2026-04-08,EUR,50.0
2026-04-08,UAH,1.0
2026-04-09,USD,44.9548
2026-04-09,EUR,50.0
2026-04-09,UAH,1.0
2026-04-10,USD,44.9139
2026-04-10,EUR,50.0
2026-04-10,UAH,1.0
2026-04-11,USD,44.8727
2026-04-11,EUR,50.0
2026-04-11,UAH,1.0
2026-04-12,USD,44.8314
2026-04-12,EUR,50.0
2026-04-12,UAH,1.0
2026-04-13,USD,44.8126
2026-04-13,EUR,50.0
2026-04-13,UAH,1.0
2026-04-14,USD,44.8899
2026-04-14,EUR,50.0
2026-04-14,UAH,1.0
2026-04-15,USD,44.9362
2026-04-15,EUR,50.0
2026-04-15,UAH,1.0
2026-04-16,USD,44.943
2026-04-16,EUR,49.9346
2026-04-16,UAH,1.0
2026-04-17,USD,44.9163
2026-04-17,EUR,50.0
2026-04-17,UAH,1.0
2026-04-18,USD,44.9259
2026-04-18,EUR,50.0
2026-04-18,UAH,1.0
2026-04-19,USD,44.9978
2026-04-19,EUR,50.0
2026-04-19,UAH,1.0
2026-04-20,USD,45.0
2026-04-20,EUR,49.9724
2026-04-20,UAH,1.0
2026-04-21,USD,44.9923
2026-04-21,EUR,49.9168
2026-04-21,UAH,1.0
2026-04-22,USD,45.0
2026-04-22,EUR,49.8672
2026-04-22,UAH,1.0
2026-04-23,USD,44.9863
2026-04-23,EUR,49.8376
2026-04-23,UAH,1.0
2026-04-24,USD,45.0
2026-04-24,EUR,49.9194
2026-04-24,UAH,1.0
2026-04-25,USD,45.0
2026-04-25,EUR,49.9718
2026-04-25,UAH,1.0
2026-04-26,USD,45.0
2026-04-26,EUR,49.9019
2026-04-26,UAH,1.0
2026-04-27,USD,44.9955
2026-04-27,EUR,49.8605
2026-04-27,UAH,1.0
2026-04-28,USD,45.0
2026-04-28,EUR,49.8479
2026-04-28,UAH,1.0
2026-04-29,USD,44.9468
2026-04-29,EUR,49.888
2026-04-29,UAH,1.0
2026-04-30,USD,44.9425
2026-04-30,EUR,49.9113
2026-04-30,UAH,1.0
2026-05-01,USD,45.0
2026-05-01,EUR,50.0
2026-05-01,UAH,1.0
2026-05-02,USD,44.9985
2026-05-02,EUR,49.9445
2026-05-02,UAH,1.0
2026-05-03,USD,44.9598
2026-05-03,EUR,49.9696
2026-05-03,UAH,1.0
2026-05-04,USD,44.9638
2026-05-04,EUR,49.917
2026-05-04,UAH,1.0
2026-05-05,USD,44.9361
2026-05-05,EUR,50.0
2026-05-05,UAH,1.0
2026-05-06,USD,44.9188
2026-05-06,EUR,49.9362
2026-05-06,UAH,1.0
2026-05-07,USD,45.0
2026-05-07,EUR,49.9991
2026-05-07,UAH,1.0
2026-05-08,USD,45.0
2026-05-08,EUR,50.0
2026-05-08,UAH,1.0
2026-05-09,USD,45.0
2026-05-09,EUR,49.9771
2026-05-09,UAH,1.0
2026-05-10,USD,44.9737
2026-05-10,EUR,50.0
2026-05-10,UAH,1.0
2026-05-11,USD,44.945
2026-05-11,EUR,50.0
2026-05-11,UAH,1.0
2026-05-12,USD,44.9435
2026-05-12,EUR,50.0
2026-05-12,UAH,1.0
2026-05-13,USD,44.9691
2026-05-13,EUR,50.0
2026-05-13,UAH,1.0
2026-05-14,USD,44.9818
2026-05-14,EUR,49.9386
2026-05-14,UAH,1.0
2026-05-15,USD,44.9965
2026-05-15,EUR,49.8894
2026-05-15,UAH,1.0
2026-05-16,USD,45.0
2026-05-16,EUR,49.8576
2026-05-16,UAH,1.0
2026-05-17,USD,44.9962
2026-05-17,EUR,49.918
2026-05-17,UAH,1.0
2026-05-18,USD,44.9936
2026-05-18,EUR,49.8968
2026-05-18,UAH,1.0
2026-05-19,USD,44.9931
2026-05-19,EUR,49.9873
2026-05-19,UAH,1.0
2026-05-20,USD,44.9972
2026-05-20,EUR,50.0
2026-05-20,UAH,1.0
2026-05-21,USD,44.947
2026-05-21,EUR,50.0
2026-05-21,UAH,1.0
2026-05-22,USD,44.9326
2026-05-22,EUR,49.9488
2026-05-22,UAH,1.0
2026-05-23,USD,44.991
2026-05-23,EUR,49.9003
2026-05-23,UAH,1.0
2026-05-24,USD,44.9842
2026-05-24,EUR,49.8391
2026-05-24,UAH,1.0
2026-05-25,USD,45.0
2026-05-25,EUR,49.8915
2026-05-25,UAH,1.0
2026-05-26,USD,44.9631
2026-05-26,EUR,49.9736
2026-05-26,UAH,1.0
2026-05-27,USD,44.9331
2026-05-27,EUR,49.9521
2026-05-27,UAH,1.0
2026-05-28,USD,44.9494
2026-05-28,EUR,49.9451
2026-05-28,UAH,1.0
2026-05-29,USD,44.9591
2026-05-29,EUR,49.9441
2026-05-29,UAH,1.0
2026-05-30,USD,44.9092
2026-05-30,EUR,49.9969
2026-05-30,UAH,1.0
2026-05-31,USD,44.9202
2026-05-31,EUR,49.9684
2026-05-31,UAH,1.0
2026-06-01,USD,44.9549
2026-06-01,EUR,50.0
2026-06-01,UAH,1.0
2026-06-02,USD,44.9562
2026-06-02,EUR,50.0
2026-06-02,UAH,1.0
2026-06-03,USD,44.9855
2026-06-03,EUR,49.9764
2026-06-03,UAH,1.0
2026-06-04,USD,44.9927
2026-06-04,EUR,49.9395
2026-06-04,UAH,1.0
2026-06-05,USD,45.0
2026-06-05,EUR,49.9065
2026-06-05,UAH,1.0
2026-06-06,USD,45.0
2026-06-06,EUR,49.8401
2026-06-06,UAH,1.0
2026-06-07,USD,45.0
2026-06-07,EUR,49.7936
2026-06-07,UAH,1.0
2026-06-08,USD,45.0
2026-06-08,EUR,49.8617
2026-06-08,UAH,1.0
2026-06-09,USD,45.0
2026-06-09,EUR,49.9566
2026-06-09,UAH,1.0
2026-06-10,USD,45.0
2026-06-10,EUR,50.0
2026-06-10,UAH,1.0
2026-06-11,USD,45.0
2026-06-11,EUR,50.0
2026-06-11,UAH,1.0
2026-06-12,USD,45.0
2026-06-12,EUR,49.9925
2026-06-12,UAH,1.0
2026-06-13,USD,45.0
2026-06-13,EUR,49.9603
2026-06-13,UAH,1.0
2026-06-14,USD,44.9435
2026-06-14,EUR,49.9703
2026-06-14,UAH,1.0
2026-06-15,USD,44.991
2026-06-15,EUR,49.9552
2026-06-15,UAH,1.0
2026-06-16,USD,45.0
2026-06-16,EUR,49.9008
2026-06-16,UAH,1.0
2026-06-17,USD,45.0
2026-06-17,EUR,49.9374
2026-06-17,UAH,1.0
2026-06-18,USD,45.0
2026-06-18,EUR,50.0
2026-06-18,UAH,1.0
2026-06-19,USD,44.9599
2026-06-19,EUR,50.0
2026-06-19,UAH,1.0
2026-06-20,USD,45.0
2026-06-20,EUR,49.9336
2026-06-20,UAH,1.0
2026-06-21,USD,44.9434
2026-06-21,EUR,49.9334
2026-06-21,UAH,1.0
2026-06-22,USD,44.9442
2026-06-22,EUR,49.9613
2026-06-22,UAH,1.0
2026-06-23,USD,44.9433
2026-06-23,EUR,49.9942
2026-06-23,UAH,1.0
2026-06-24,USD,44.966
2026-06-24,EUR,49.9581
2026-06-24,UAH,1.0
2026-06-25,USD,44.9158
2026-06-25,EUR,49.8972
2026-06-25,UAH,1.0
2026-06-26,USD,44.9713
2026-06-26,EUR,49.896
2026-06-26,UAH,1.0
2026-06-27,USD,44.973
2026-06-27,EUR,49.884
2026-06-27,UAH,1.0
2026-06-28,USD,45.0
2026-06-28,EUR,49.9633
2026-06-28,UAH,1.0
2026-06-29,USD,44.9617
2026-06-29,EUR,49.9136
2026-06-29,UAH,1.0
2026-06-30,USD,44.9661
2026-06-30,EUR,50.0
2026-06-30,UAH,1.0
2026-07-01,USD,44.931
2026-07-01,EUR,50.0
2026-07-01,UAH,1.0
2026-07-02,USD,44.9386
2026-07-02,EUR,49.9659
2026-07-02,UAH,1.0
2026-07-03,USD,45.0
2026-07-03,EUR,50.0
2026-07-03,UAH,1.0
2026-07-04,USD,44.9928
2026-07-04,EUR,50.0
2026-07-04,UAH,1.0
2026-07-05,USD,45.0
2026-07-05,EUR,49.9944
2026-07-05,UAH,1.0
2026-07-06,USD,45.0
2026-07-06,EUR,50.0
2026-07-06,UAH,1.0
2026-07-07,USD,44.9473
2026-07-07,EUR,50.0
2026-07-07,UAH,1.0
2026-07-08,USD,44.9029
2026-07-08,EUR,50.0
2026-07-08,UAH,1.0
2026-07-09,USD,44.9478
2026-07-09,EUR,50.0
2026-07-09,UAH,1.0
2026-07-10,USD,45.0
2026-07-10,EUR,50.0
2026-07-10,UAH,1.0
2026-07-11,USD,45.0
2026-07-11,EUR,49.943
2026-07-11,UAH,1.0
2026-07-12,USD,45.0
2026-07-12,EUR,50.0
2026-07-12,UAH,1.0
2026-07-13,USD,45.0
2026-07-13,EUR,50.0
2026-07-13,UAH,1.0
2026-07-14,USD,44.9834
2026-07-14,EUR,50.0
2026-07-14,UAH,1.0
2026-07-15,USD,45.0
2026-07-15,EUR,50.0
2026-07-15,UAH,1.0
2026-07-16,USD,45.0
2026-07-16,EUR,50.0
2026-07-16,UAH,1.0
2026-07-17,USD,45.0
2026-07-17,EUR,50.0
2026-07-17,UAH,1.0
2026-07-18,USD,44.999
2026-07-18,EUR,49.9748
2026-07-18,UAH,1.0
2026-07-19,USD,44.9974
2026-07-19,EUR,50.0
2026-07-19,UAH,1.0
2026-07-20,USD,44.981
2026-07-20,EUR,50.0
2026-07-20,UAH,1.0
2026-07-21,USD,45.0
2026-07-21,EUR,49.9803
2026-07-21,UAH,1.0
2026-07-22,USD,44.9453
2026-07-22,EUR,50.0
2026-07-22,UAH,1.0
2026-07-23,USD,44.9798
2026-07-23,EUR,50.0
2026-07-23,UAH,1.0
2026-07-24,USD,45.0
2026-07-24,EUR,50.0
2026-07-24,UAH,1.0
2026-07-25,USD,44.9407
2026-07-25,EUR,49.9871
2026-07-25,UAH,1.0
2026-07-26,USD,44.9822
2026-07-26,EUR,49.9371
2026-07-26,UAH,1.0
2026-07-27,USD,45.0
2026-07-27,EUR,49.9752
2026-07-27,UAH,1.0
2026-07-28,USD,45.0
2026-07-28,EUR,49.9125
2026-07-28,UAH,1.0
2026-07-29,USD,45.0
2026-07-29,EUR,49.843
2026-07-29,UAH,1.0
2026-07-30,USD,45.0
2026-07-30,EUR,49.905
2026-07-30,UAH,1.0
2026-07-31,USD,44.9972
2026-07-31,EUR,49.964
2026-07-31,UAH,1.0
2026-08-01,USD,44.9885
2026-08-01,EUR,50.0
2026-08-01,UAH,1.0
2026-08-02,USD,44.9893
2026-08-02,EUR,49.9566
2026-08-02,UAH,1.0
2026-08-03,USD,45.0
2026-08-03,EUR,50.0
2026-08-03,UAH,1.0
2026-08-04,USD,45.0
2026-08-04,EUR,50.0
2026-08-04,UAH,1.0
2026-08-05,USD,45.0
2026-08-05,EUR,50.0
2026-08-05,UAH,1.0
2026-08-06,USD,44.9551
2026-08-06,EUR,50.0
2026-08-06,UAH,1.0
2026-08-07,USD,45.0
2026-08-07,EUR,49.9854
2026-08-07,UAH,1.0
2026-08-08,USD,45.0
2026-08-08,EUR,49.9432
2026-08-08,UAH,1.0
2026-08-09,USD,45.0
2026-08-09,EUR,49.9207
2026-08-09,UAH,1.0
2026-08-10,USD,44.958
2026-08-10,EUR,49.9301
2026-08-10,UAH,1.0
2026-08-11,USD,45.0
2026-08-11,EUR,49.8863
2026-08-11,UAH,1.0
2026-08-12,USD,45.0
2026-08-12,EUR,49.9785
2026-08-12,UAH,1.0
2026-08-13,USD,45.0
2026-08-13,EUR,50.0
2026-08-13,UAH,1.0
2026-08-14,USD,44.9955
2026-08-14,EUR,49.9796
2026-08-14,UAH,1.0
2026-08-15,USD,44.9465
2026-08-15,EUR,49.9895
2026-08-15,UAH,1.0
2026-08-16,USD,44.9322
2026-08-16,EUR,49.9332
2026-08-16,UAH,1.0
2026-08-17,USD,44.8946
2026-08-17,EUR,49.998
2026-08-17,UAH,1.0
2026-08-18,USD,44.9075
2026-08-18,EUR,49.939
2026-08-18,UAH,1.0
2026-08-19,USD,44.8718
2026-08-19,EUR,50.0
2026-08-19,UAH,1.0
2026-08-20,USD,44.9278
2026-08-20,EUR,49.9906
2026-08-20,UAH,1.0
2026-08-21,USD,44.9706
2026-08-21,EUR,49.9889
2026-08-21,UAH,1.0
2026-08-22,USD,44.9679
2026-08-22,EUR,50.0
2026-08-22,UAH,1.0
2026-08-23,USD,44.9505
2026-08-23,EUR,50.0
2026-08-23,UAH,1.0
2026-08-24,USD,45.0
2026-08-24,EUR,49.9875
2026-08-24,UAH,1.0
2026-08-25,USD,45.0
2026-08-25,EUR,50.0
2026-08-25,UAH,1.0
2026-08-26,USD,45.0
2026-08-26,EUR,50.0
2026-08-26,UAH,1.0
2026-08-27,USD,45.0
2026-08-27,EUR,50.0
2026-08-27,UAH,1.0
2026-08-28,USD,45.0
2026-08-28,EUR,50.0
2026-08-28,UAH,1.0
2026-08-29,USD,45.0
2026-08-29,EUR,49.9307
2026-08-29,UAH,1.0
2026-08-30,USD,45.0
2026-08-30,EUR,49.9556
2026-08-30,UAH,1.0
2026-08-31,USD,45.0
2026-08-31,EUR,49.9143
2026-08-31,UAH,1.0
2026-09-01,USD,44.9404
2026-09-01,EUR,49.9044
2026-09-01,UAH,1.0
