Transaction ID,Date,Name,From Email Address,Payer ID,Gross,Fee,Net,Currency,Status,Type,Subscription ID,Reference Txn ID,Country
PP-5000000,08/16/2023 23:55,Viktoriia Moroz,v.moroz@gmail.com,PAYER67660948,200.00,-16.80,183.20,UAH,Completed,Donation Payment,,,UA
PP-5000001,03/17/2024 15:03,Ivan Melnychuk,melnychuk.ivan@gmail.com,PAYER31057355,"1,000.00",-44.00,956.00,UAH,Completed,Donation Payment,,,UA
PP-5000002,04/14/2023 13:47,Olha Lysenko,o.lysenko@ukr.net,PAYER90490815,"1,000.00",-44.00,956.00,UAH,Completed,Donation Payment,,,UA
PP-5000003,08/11/2024 23:24,Olha Lysenko,o.lysenko@ukr.net,PAYER90490815,100.00,-3.70,96.30,USD,Completed,Donation Payment,,,UA
PP-5000004,09/08/2025 10:07,Katarzyna Nowak,k.nowak@wp.pl,PAYER03736486,50.00,-2.00,48.00,USD,Completed,Donation Payment,,,PL
PP-5000005,10/19/2024 23:49,Michael Brennan,,PAYER32260892,200.00,-7.10,192.90,EUR,Completed,Donation Payment,,,US
PP-5000006,11/18/2023 03:42,Michael Brennan,m.brennan@protonmail.com,PAYER32260892,200.00,-7.10,192.90,USD,Completed,Donation Payment,,,US
PP-5000007,02/08/2024 23:20,Olena Kovalchuk,o.lena.kovalchuk+kse@gmail.com,PAYER85932519,200.00,-16.80,183.20,UAH,Completed,Donation Payment,,,UA
PP-5000008,04/11/2023 09:22,Volodymyr Hrytsenko,v.hrytsenko@outlook.com,PAYER49613522,"100,000.00","-3,410.00","96,590.00",UAH,Completed,Donation Payment,,,UA
PP-5000009,10/21/2023 15:48,Petro Kravchenko,p.kravchenko@ukr.net,PAYER45098242,20.00,-0.98,19.02,USD,Completed,Donation Payment,,,UA
PP-5000010,04/10/2025 11:28,Yurii Pavlenko,y.pavlenko@gmail.com,PAYER51619333,500.00,-27.00,473.00,UAH,Completed,Donation Payment,,,UA
PP-5000011,05/03/2024 20:27,Andrii Shevchenko,a.shevchenko@i.ua,PAYER19001192,200.00,-16.80,183.20,UAH,Completed,Donation Payment,,,UA
PP-5000012,11/06/2025 06:12,Nataliia Savchenko,,PAYER65542803,"2,000.00",-78.00,"1,922.00",UAH,Completed,Donation Payment,I-2965542803,,UA
PP-5000013,01/05/2025 11:30,Dmytro Romaniuk,d.romaniuk@gmail.com,PAYER15015637,300.00,-20.20,279.80,UAH,Completed,Subscription Payment,I-1315015637,,UA
PP-5000014,06/13/2023 11:35,Serhii Diachenko,s.diachenko@i.ua,PAYER51374559,"1,000.00",-44.00,956.00,UAH,Completed,Donation Payment,,,UA
PP-5000015,08/17/2023 11:57,Iryna Humeniuk,,PAYER21802597,"1,000.00",-44.00,956.00,UAH,Completed,Donation Payment,,,UA
PP-5000016,12/21/2023 14:16,Mariia Bondarenko,m.bondarenko@gmail.com,PAYER39129412,300.00,-20.20,279.80,UAH,Completed,Donation Payment,,,UA
PP-5000017,09/08/2025 06:41,Dmytro Romaniuk,,PAYER15015637,"1,000.00",-44.00,956.00,UAH,Completed,Subscription Payment,I-1315015637,,UA
PP-5000018,12/12/2023 15:12,Anna Schmidt,anna.schmidt@web.de,PAYER81720714,50.00,-2.00,48.00,EUR,Completed,Donation Payment,,,DE
PP-5000019,12/03/2025 05:18,Olena Kovalchuk,o.lena.kovalchuk+kse@gmail.com,PAYER85932519,"1,000.00",-44.00,956.00,UAH,Completed,Donation Payment,,,UA
PP-5000020,07/21/2023 03:14,Petro Kravchenko,p.kravchenko@ukr.net,PAYER45098242,25.00,-1.15,23.85,USD,Completed,Donation Payment,,,UA
PP-5000021,02/12/2023 09:29,Iryna Humeniuk,i.humeniuk@ukr.net,PAYER21802597,"1,000.00",-44.00,956.00,UAH,Completed,Donation Payment,,,UA
PP-5000022,02/27/2025 19:14,Dmytro Romaniuk,,PAYER15015637,500.00,-27.00,473.00,UAH,Completed,Subscription Payment,I-1315015637,,UA
PP-5000023,07/17/2024 15:28,Anna Schmidt,anna.schmidt@web.de,PAYER81720714,10.00,-0.64,9.36,EUR,Completed,Donation Payment,,,DE
PP-5000024,03/05/2024 17:53,Olha Lysenko,o.lysenko@ukr.net,PAYER90490815,"1,000.00",-44.00,956.00,UAH,Completed,Donation Payment,,,UA
PP-5000025,05/10/2024 11:34,Serhii Diachenko,s.diachenko@i.ua,PAYER51374559,200.00,-16.80,183.20,UAH,Completed,Donation Payment,,,UA
PP-5000026,05/08/2025 16:01,Viktoriia Moroz,v.moroz@gmail.com,PAYER67660948,"1,000.00",-44.00,956.00,UAH,Completed,Donation Payment,,,UA
PP-5000027,10/29/2024 12:42,Olha Lysenko,o.lysenko@ukr.net,PAYER90490815,50.00,-2.00,48.00,USD,Completed,Donation Payment,,,UA
PP-5000028,07/06/2024 13:43,Anna Schmidt,anna.schmidt@web.de,PAYER81720714,200.00,-7.10,192.90,EUR,Completed,Donation Payment,,,DE
PP-5000029,11/04/2024 01:02,Katarzyna Nowak,k.nowak@wp.pl,PAYER03736486,10.00,-0.64,9.36,USD,Completed,Donation Payment,,,PL
PP-5000030,07/13/2026 19:47,James Whitfield,j.whitfield@gmail.com,PAYER01220393,"1,250.00",-42.80,"1,207.20",EUR,Completed,Donation Payment,,,GB
PP-5000031,04/10/2025 18:38,Olha Lysenko,o.lysenko@ukr.net,PAYER90490815,300.00,-20.20,279.80,UAH,Completed,Donation Payment,,,UA
PP-5000032,01/31/2024 11:33,Bohdan Kozak,b.kozak@gmail.com,PAYER93016563,500.00,-27.00,473.00,UAH,Completed,Donation Payment,I-0093016563,,UA
PP-5000033,01/05/2026 23:47,Katarzyna Nowak,k.nowak@wp.pl,PAYER03736486,20.00,-0.98,19.02,EUR,Completed,Donation Payment,,,PL
PP-5000034,11/04/2023 15:23,Andrii Zghurskyi,a.zghurskyi@gmail.com,PAYER82631472,200.00,-7.10,192.90,EUR,Completed,Donation Payment,,,PL
PP-5900001,04/18/2026 14:03,Olena Kovalchuk,,PAYER77001122,"1,000.00",-34.00,966.00,UAH,Completed,Donation Payment,,,UA
PP-5900010,05/03/2026 10:00,Michael Brennan,m.brennan@protonmail.com,PAYER31200045,500.00,-17.30,482.70,USD,Completed,Donation Payment,,,US
PP-5900011,05/15/2026 08:41,Michael Brennan,m.brennan@protonmail.com,PAYER31200045,-500.00,17.30,-482.70,USD,Refunded,Refund,,PP-5900010,US
PP-5910000,03/05/2026 09:00,Dmytro Romaniuk,d.romaniuk@gmail.com,PAYER55009911,300.00,-20.20,279.80,UAH,Completed,Subscription Payment,I-DMYTRO0001,,UA
PP-5910001,04/05/2026 09:00,Dmytro Romaniuk,d.romaniuk@gmail.com,PAYER55009911,300.00,-20.20,279.80,UAH,Completed,Subscription Payment,I-DMYTRO0001,,UA
PP-5910002,05/05/2026 09:00,Dmytro Romaniuk,d.romaniuk@gmail.com,PAYER55009911,300.00,-20.20,279.80,UAH,Failed,Subscription Payment,I-DMYTRO0001,,UA
PP-5910003,06/05/2026 09:00,Dmytro Romaniuk,d.romaniuk@gmail.com,PAYER55009911,300.00,-20.20,279.80,UAH,Completed,Subscription Payment,I-DMYTRO0001,,UA
